-- phpMyAdmin SQL Dump
-- version 5.1.1
-- https://www.phpmyadmin.net/
--
-- Máy chủ: 127.0.0.1:3306
-- Thời gian đã tạo: Th12 23, 2022 lúc 07:15 PM
-- Phiên bản máy phục vụ: 5.7.36
-- Phiên bản PHP: 7.4.26

SET SQL_MODE = "NO_AUTO_VALUE_ON_ZERO";
START TRANSACTION;
SET time_zone = "+00:00";


/*!40101 SET @OLD_CHARACTER_SET_CLIENT=@@CHARACTER_SET_CLIENT */;
/*!40101 SET @OLD_CHARACTER_SET_RESULTS=@@CHARACTER_SET_RESULTS */;
/*!40101 SET @OLD_COLLATION_CONNECTION=@@COLLATION_CONNECTION */;
/*!40101 SET NAMES utf8mb4 */;

--
-- Cơ sở dữ liệu: `webbangiay`
--

-- --------------------------------------------------------

--
-- Cấu trúc bảng cho bảng `banner`
--

DROP TABLE IF EXISTS `banner`;
CREATE TABLE IF NOT EXISTS `banner` (
  `id` int(11) NOT NULL AUTO_INCREMENT,
  `thumbnail` varchar(500) COLLATE utf8mb4_unicode_ci DEFAULT NULL,
  `category_id` int(11) DEFAULT NULL,
  `deleted` int(11) NOT NULL,
  PRIMARY KEY (`id`),
  KEY `category_id` (`category_id`)
) ENGINE=InnoDB AUTO_INCREMENT=14 DEFAULT CHARSET=utf8mb4 COLLATE=utf8mb4_unicode_ci;

--
-- Đang đổ dữ liệu cho bảng `banner`
--

INSERT INTO `banner` (`id`, `thumbnail`, `category_id`, `deleted`) VALUES
(7, 'assets/img/background-adidas.PNG', 4, 0),
(8, 'assets/img/background-puma.PNG', 5, 0),
(9, 'assets/img/background-asics.PNG', 7, 0),
(10, 'assets/img/background-mizuno.PNG', 6, 0),
(11, 'assets/img/background-kamito.PNG', 8, 0),
(12, 'assets/img/background-nike.PNG', 3, 0);

-- --------------------------------------------------------

--
-- Cấu trúc bảng cho bảng `category`
--

DROP TABLE IF EXISTS `category`;
CREATE TABLE IF NOT EXISTS `category` (
  `id` int(11) NOT NULL AUTO_INCREMENT,
  `name` varchar(100) COLLATE utf8mb4_unicode_ci NOT NULL,
  PRIMARY KEY (`id`)
) ENGINE=InnoDB AUTO_INCREMENT=9 DEFAULT CHARSET=utf8mb4 COLLATE=utf8mb4_unicode_ci;

--
-- Đang đổ dữ liệu cho bảng `category`
--

INSERT INTO `category` (`id`, `name`) VALUES
(3, 'NIKE'),
(4, 'ADIDAS'),
(5, 'PUMA'),
(6, 'MIZUNO'),
(7, 'ASICS'),
(8, 'KAMITO');

-- --------------------------------------------------------

--
-- Cấu trúc bảng cho bảng `feedback`
--

DROP TABLE IF EXISTS `feedback`;
CREATE TABLE IF NOT EXISTS `feedback` (
  `id` int(11) NOT NULL AUTO_INCREMENT,
  `firstname` varchar(30) COLLATE utf8mb4_unicode_ci DEFAULT NULL,
  `lastname` varchar(30) COLLATE utf8mb4_unicode_ci DEFAULT NULL,
  `email` varchar(150) COLLATE utf8mb4_unicode_ci DEFAULT NULL,
  `phone_number` varchar(20) COLLATE utf8mb4_unicode_ci DEFAULT NULL,
  `subject_name` varchar(200) COLLATE utf8mb4_unicode_ci DEFAULT NULL,
  `note` varchar(500) COLLATE utf8mb4_unicode_ci DEFAULT NULL,
  `created_at` datetime DEFAULT NULL,
  `updated_at` datetime DEFAULT NULL,
  `status` int(11) DEFAULT NULL,
  PRIMARY KEY (`id`)
) ENGINE=InnoDB AUTO_INCREMENT=7 DEFAULT CHARSET=utf8mb4 COLLATE=utf8mb4_unicode_ci;

-- --------------------------------------------------------

--
-- Cấu trúc bảng cho bảng `news`
--

DROP TABLE IF EXISTS `news`;
CREATE TABLE IF NOT EXISTS `news` (
  `id` int(11) NOT NULL AUTO_INCREMENT,
  `thumbnail` varchar(500) COLLATE utf8mb4_unicode_ci DEFAULT NULL,
  `title` varchar(350) COLLATE utf8mb4_unicode_ci DEFAULT NULL,
  `description` longtext COLLATE utf8mb4_unicode_ci,
  PRIMARY KEY (`id`)
) ENGINE=MyISAM AUTO_INCREMENT=24 DEFAULT CHARSET=utf8mb4 COLLATE=utf8mb4_unicode_ci;

--
-- Đang đổ dữ liệu cho bảng `news`
--

INSERT INTO `news` (`id`, `thumbnail`, `title`, `description`) VALUES
(7, 'assets/img/si-cr7-neymar.PNG', 'Soi giày các ngôi sao đang mang trên chân tại World...', '<p><span style=\"color: rgb(14, 28, 34); font-family: \"Roboto Condensed\"; font-size: 16px;\">Như vậy, trải qua gần 2 tuần với những trận tranh tài đầy kịch tính...</span><br></p>'),
(16, 'assets/img/5.PNG', 'Khám phá PUMA Future Z 1.4 NJR “Dream Chaser” -...', '<p><span style=\"color: rgb(14, 28, 34); font-family: \"Roboto Condensed\"; font-size: 16px;\">Nhằm giúp Neymar có được sự toả sáng tốt nhất tại kỳ World Cup sắp...</span><br></p>'),
(15, 'assets/img/4.PNG', 'PUMA trình làng phiên bản giới hạn Future Z 1.4 NJR...', '<p><span style=\"color: rgb(14, 28, 34); font-family: \"Roboto Condensed\"; font-size: 16px;\">Vừa qua, PUMA đã phát hành một phiên bản signature mới dành riêng cho Neymar...</span><br></p>'),
(14, 'assets/img/tinso3.PNG', 'New Balance ra mắt BTS “Headline Taker Pack” ch...', '<p><span style=\"color: rgb(14, 28, 34); font-family: \"Roboto Condensed\"; font-size: 16px;\">Tiếp nối những adidas và PUMA, New Balance là thương hiệu tiếp theo trình làng...</span><br></p>'),
(13, 'assets/img/tinso2.PNG', 'Nike trình làng BST giày đá banh “Generation Pack”...', '<p><span style=\"color: rgb(14, 28, 34); font-family: \"Roboto Condensed\"; font-size: 16px;\">Lấy cảm hứng từ lớp thế hệ cầu thủ trẻ đang nâng bóng đá lên...</span><br></p>'),
(17, 'assets/img/6.PNG', 'Mizuno ra mắt silo giày đá banh Alpha hoàn toàn mới', '<p><span style=\"color: rgb(14, 28, 34); font-family: \"Roboto Condensed\"; font-size: 16px;\">Vừa qua, Mizuno đã chính thức công bố dòng giày đá banh mới của hãng...</span><br></p>'),
(18, 'assets/img/7.PNG', 'Khám phá adidas X Speedportal.1 “Leyenda” -...', '<p><span style=\"color: rgb(14, 28, 34); font-family: \"Roboto Condensed\"; font-size: 16px;\">Nhằm mang đến những gì tốt nhất cho Lionel Messi tại kỳ World Cup cuối...</span><br></p>'),
(19, 'assets/img/8.PNG', 'Khám phá Mizuno “Azure Blue Pack” - Bộ sưu tập...', '<p><span style=\"color: rgb(14, 28, 34); font-family: \"Roboto Condensed\"; font-size: 16px;\">Thà muộn còn hơn không, Mizuno đã chính thức trình làng bộ sưu tập giày...</span><br></p>'),
(20, 'assets/img/9.PNG', 'Tất tần tật về các pack giày World Cup nổi bật từ', '<p><span style=\"color: rgb(14, 28, 34); font-family: \"Roboto Condensed\"; font-size: 16px;\">4 năm 4 tháng 4 ngày. Đó chính xác là khoảng thời gian mà những...</span><br></p>'),
(21, 'assets/img/10.PNG', 'Khám phá adidas x Karim Benzema Ballon d\'Or...', '<p><span style=\"color: rgb(14, 28, 34); font-family: \"Roboto Condensed\"; font-size: 16px;\">Rạng sáng Rạng sáng 18/10 vừa qua, Karim Benzema đã chính thức trở thành chủ...</span><br></p>'),
(22, 'assets/img/11.PNG', 'Khám phá Nike Zoom Mercurial CR7 World Cup...', '<p><span style=\"color: rgb(14, 28, 34); font-family: \"Roboto Condensed\"; font-size: 16px;\">Vừa qua, Nike đã chính thức trình làng Zoom Mercurial CR7 World Cup 2022 -...</span><br></p>'),
(23, 'assets/img/12.PNG', 'Khám phá Mizuno “Dark Iridium Pack”', '<p><span style=\"color: rgb(14, 28, 34); font-family: \"Roboto Condensed\"; font-size: 16px;\">Đêm đang dần ngắn lại khi mùa đông đang dần đến. Và để phản ánh...</span><br></p>');

-- --------------------------------------------------------

--
-- Cấu trúc bảng cho bảng `orders`
--

DROP TABLE IF EXISTS `orders`;
CREATE TABLE IF NOT EXISTS `orders` (
  `id` int(11) NOT NULL AUTO_INCREMENT,
  `user_id` int(11) DEFAULT NULL,
  `fullname` varchar(50) COLLATE utf8mb4_unicode_ci DEFAULT NULL,
  `email` varchar(150) COLLATE utf8mb4_unicode_ci DEFAULT NULL,
  `phone_number` varchar(20) COLLATE utf8mb4_unicode_ci DEFAULT NULL,
  `address` varchar(200) COLLATE utf8mb4_unicode_ci DEFAULT NULL,
  `note` varchar(500) COLLATE utf8mb4_unicode_ci DEFAULT NULL,
  `order_date` datetime DEFAULT NULL,
  `status` int(11) DEFAULT '0',
  `total_money` int(11) DEFAULT NULL,
  PRIMARY KEY (`id`),
  KEY `user_id` (`user_id`)
) ENGINE=InnoDB AUTO_INCREMENT=25 DEFAULT CHARSET=utf8mb4 COLLATE=utf8mb4_unicode_ci;

--
-- Đang đổ dữ liệu cho bảng `orders`
--

INSERT INTO `orders` (`id`, `user_id`, `fullname`, `email`, `phone_number`, `address`, `note`, `order_date`, `status`, `total_money`) VALUES
(24, 88, 'Nguyễn Văn A', 'nguyenvana@gmail.com', '13123123', 'asdas', 'WAW', '2022-12-23 19:12:11', 0, 11445000);

-- --------------------------------------------------------

--
-- Cấu trúc bảng cho bảng `orders_details`
--

DROP TABLE IF EXISTS `orders_details`;
CREATE TABLE IF NOT EXISTS `orders_details` (
  `id` int(11) NOT NULL AUTO_INCREMENT,
  `order_id` int(11) DEFAULT NULL,
  `product_id` int(11) DEFAULT NULL,
  `price` int(11) DEFAULT NULL,
  `num` int(11) DEFAULT NULL,
  `total_money` int(11) DEFAULT NULL,
  PRIMARY KEY (`id`),
  KEY `product_id` (`product_id`),
  KEY `orders_details_ibfk_1` (`order_id`)
) ENGINE=InnoDB AUTO_INCREMENT=40 DEFAULT CHARSET=utf8mb4 COLLATE=utf8mb4_unicode_ci;

--
-- Đang đổ dữ liệu cho bảng `orders_details`
--

INSERT INTO `orders_details` (`id`, `order_id`, `product_id`, `price`, `num`, `total_money`) VALUES
(35, 24, 44, 2645000, 1, 2645000),
(36, 24, 8, 2290000, 1, 2290000),
(37, 24, 29, 2050000, 2, 4100000),
(38, 24, 56, 1690000, 1, 1690000),
(39, 24, 61, 690000, 1, 690000);

-- --------------------------------------------------------

--
-- Cấu trúc bảng cho bảng `product`
--

DROP TABLE IF EXISTS `product`;
CREATE TABLE IF NOT EXISTS `product` (
  `id` int(11) NOT NULL AUTO_INCREMENT,
  `category_id` int(11) DEFAULT NULL,
  `title` varchar(350) COLLATE utf8mb4_unicode_ci DEFAULT NULL,
  `price` int(11) DEFAULT NULL,
  `quantity` int(11) NOT NULL,
  `discount` int(11) DEFAULT NULL,
  `thumbnail` varchar(500) COLLATE utf8mb4_unicode_ci DEFAULT NULL,
  `description` longtext COLLATE utf8mb4_unicode_ci,
  `created_at` datetime DEFAULT NULL,
  `updated_at` datetime DEFAULT NULL,
  `deleted` int(11) DEFAULT NULL,
  PRIMARY KEY (`id`),
  KEY `category_id` (`category_id`)
) ENGINE=InnoDB AUTO_INCREMENT=63 DEFAULT CHARSET=utf8mb4 COLLATE=utf8mb4_unicode_ci;

--
-- Đang đổ dữ liệu cho bảng `product`
--

INSERT INTO `product` (`id`, `category_id`, `title`, `price`, `quantity`, `discount`, `thumbnail`, `description`, `created_at`, `updated_at`, `deleted`) VALUES
(8, 3, 'NIKE ZOOM MERCURIAL SUPERFLY 9 ACADEMY CR7 TF - DQ5320-182 - TRẮNG/XANH', 2490000, 17, 2290000, 'assets/img/NIKE ZOOM MERCURIAL SUPERFLY 9 ACADEMY CR7 TF - DQ5320-182.PNG', '<p style=\"font-family: \"Roboto Condensed\"; color: rgb(0, 0, 0);\"><span style=\"font-size: 15px;\"><strong>NIKE ZOOM MERCURIAL SUPERFLY 9 ACADEMY TF - GIÀY ĐÁ BÓNG SÂN CỎ NHÂN TẠO</strong></span></p><p style=\"font-family: \"Roboto Condensed\"; color: rgb(0, 0, 0);\"><span style=\"font-size: 15px;\">Tháng 6/2022, Nike chính thức trình làng thế hệ tiếp theo của dòng giày Mercurial mang tên <strong>Air Zoom Mercurial</strong>. Cải tiến lớn nhất trên thế hệ này nằm ở bộ đệm Zoom Air được thiết kế độc quyền cho bóng đá. Bên cạnh đó, mọi chi tiết trên đôi giày lần này đều được thiết kế nhằm tối ưu hoá lối chơi tốc độ. </span></p>', '2022-11-28 13:43:39', '2022-12-21 11:29:17', 0),
(9, 3, 'NIKE ZOOM MERCURIAL SUPERFLY 9 ACADEMY TF - DJ5629-780 - VÀNG/HỒNG', 2290000, 20, 2290000, 'assets/img/NIKE ZOOM MERCURIAL SUPERFLY 9 ACADEMY TF - DJ5629-780.PNG', '<p style=\"font-family: \"Roboto Condensed\"; color: rgb(0, 0, 0);\"><span style=\"font-size: 15px;\"><strong>NIKE ZOOM MERCURIAL SUPERFLY 9 ACADEMY TF - GIÀY ĐÁ BÓNG SÂN CỎ NHÂN TẠO</strong></span></p><p style=\"font-family: \"Roboto Condensed\"; color: rgb(0, 0, 0);\"><span style=\"font-size: 15px;\">Tháng 6/2022, Nike chính thức trình làng thế hệ tiếp theo của dòng giày Mercurial mang tên <strong>Air Zoom Mercurial</strong>. Cải tiến lớn nhất trên thế hệ này nằm ở bộ đệm Zoom Air được thiết kế độc quyền cho bóng đá. Bên cạnh đó, mọi chi tiết trên đôi giày lần này đều được thiết kế nhằm tối ưu hoá lối chơi tốc độ. </span></p><p style=\"font-family: \"Roboto Condensed\"; color: rgb(0, 0, 0);\"><span style=\"font-size: 15px;\">Có lẽ không phải ai trong chúng ta cũng đều ấn tượng với những phối màu bắt mắt thường xuất hiện trên chân cầu thủ. Một số người không thích trở thành tâm điểm trên sân với những đôi giày có phối màu sặc sỡ, thay vào đó họ sẽ để lối chơi của mình khẳng định bản thân họ. Nhưng bên cạnh đó, họ vẫn muốn được tận hưởng những công nghệ mới nhất từ các đôi giày. Thấu hiểu được tâm tư đó, các hãng thể thao vẫn thỉnh thoảng cho ra mắt những bộ sưu tập giày đá banh với gam màu đen chủ đạo. Và lần này là phiên bản mới nhất của <strong>“LUCENT PACK”</strong>. Bộ sưu tập lần này của nhà Swoosh sẽ mang đến cơ hội đầu tiên cho những ai theo đuổi phong cách tối giản muốn trải nghiệm một Air Zoom Mercurial hoàn toàn mới, ở cả hai phiên bản Superfly 9 và Vapor 15.</span></p>', '2022-11-28 13:27:41', '2022-12-20 12:57:52', 0),
(11, 3, 'NIKE REACT PHANTOM GT2 PRO TF - DC0768-407- XANH NGỌC/VÀNG/ĐEN', 2650000, 19, 2150000, 'assets/img/NIKE REACT PHANTOM GT2 PRO TF - DC0768-407.PNG', '<p style=\"font-family: \"Roboto Condensed\"; color: rgb(0, 0, 0);\"><span style=\"font-size: 15px;\"><strong>NIKE REACT PHANTOM GT2 PRO TF - GIÀY ĐÁ BÓNG SÂN CỎ NHÂN TẠO</strong></span></p><p style=\"font-family: \"Roboto Condensed\"; color: rgb(0, 0, 0);\"><span style=\"font-size: 15px;\">Sau gần 1 năm kể từ ngày ra mắt Phantom GT, Nike tiếp tục trình làng thế hệ thứ 2 của dòng giày đá bóng đa năng này vào đầu tháng 7/2021. Với những thay đổi trên thế hệ mới này, Phantom GT 2 hứa hẹn sẽ làm hài lòng các fan đam mê giày đá bóng, kể cả những người chơi khó tính nhất.</span></p>', '2022-11-28 13:04:45', '2022-12-21 11:12:15', 0),
(12, 3, 'NIKE TIEMPO REACT LEGEND 9 PRO TF - DA1192-002 - TRẮNG/VÀNG', 2690000, 20, 2090000, 'assets/img/NIKE TIEMPO REACT LEGEND 9 PRO TF - DA1192-002.PNG', '<p style=\"font-family: \"Roboto Condensed\"; color: rgb(0, 0, 0);\"><span style=\"font-size: 15px;\"><strong>NIKE TIEMPO LEGEND 9 PRO TF - GIÀY ĐÁ BÓNG SÂN CỎ NHÂN TẠO</strong></span></p><p style=\"font-family: \"Roboto Condensed\"; color: rgb(0, 0, 0);\"><span style=\"font-size: 15px;\">Đầu tháng 07/2021, Nike đã cho ra mắt thế hệ thứ tiếp theo của dòng giày đá bóng huyền thoại của mình đó là giày đá bóng Nike Tiempo Legend 9. Ngoài việc kế thừa lại những đặc tính tốt nhất từ các thế hệ đàn anh đi trước, đôi Nike Tiempo Legend 9 còn được giới thiệu với thiết kế mới cực kỳ tiên tiến. Đây được xem là thế hệ giày Nike Tiempo nhẹ nhất từ trước đến nay của nhà Swoosh.</span></p>', '2022-11-28 13:46:46', '2022-12-23 16:22:28', 0),
(13, 3, 'NIKE ZOOM MERCURIAL VAPOR 15 ACADEMY TF - DJ5635-343 - XANH MẠ NON', 1990000, 20, 1990000, 'assets/img/NIKE ZOOM MERCURIAL VAPOR 15 ACADEMY TF - DJ5635-343.PNG', '<p style=\"font-family: \"Roboto Condensed\"; color: rgb(0, 0, 0);\"><span style=\"font-size: 15px;\"><strong>NIKE MERCURIAL VAPOR 15 ACADEMY TF - GIÀY ĐÁ BÓNG SÂN CỎ NHÂN TẠO</strong></span></p><p style=\"font-family: \"Roboto Condensed\"; color: rgb(0, 0, 0);\"><span style=\"font-size: 15px;\">Tháng 6/2022, Nike chính thức trình làng thế hệ tiếp theo của dòng giày Mercurial mang tên <strong>Air Zoom Mercurial</strong>. Cải tiến lớn nhất trên thế hệ này nằm ở bộ đệm Zoom Air được thiết kế độc quyền cho bóng đá. Bên cạnh đó, mọi chi tiết trên đôi giày lần này đều được thiết kế nhằm tối ưu hoá lối chơi tốc độ. </span></p>', '2022-11-28 13:50:49', '2022-12-20 11:24:19', 0),
(14, 3, 'NIKE ZOOM MERCURIAL SUPERFLY 9 ACADEMY TF - DJ5629-001 - ĐEN/TRẮNG', 2290000, 18, 2190000, 'assets/img/NIKE ZOOM MERCURIAL SUPERFLY 9 ACADEMY TF - DJ5629-001.PNG', '<p style=\"font-family: \"Roboto Condensed\"; color: rgb(0, 0, 0);\"><span style=\"font-size: 15px;\"><strong>NIKE ZOOM MERCURIAL SUPERFLY 9 ACADEMY TF - GIÀY ĐÁ BÓNG SÂN CỎ NHÂN TẠO</strong></span></p><p style=\"font-family: \"Roboto Condensed\"; color: rgb(0, 0, 0);\"><span style=\"font-size: 15px;\">Tháng 6/2022, Nike chính thức trình làng thế hệ tiếp theo của dòng giày Mercurial mang tên <strong>Air Zoom Mercurial</strong>. Cải tiến lớn nhất trên thế hệ này nằm ở bộ đệm Zoom Air được thiết kế độc quyền cho bóng đá. Bên cạnh đó, mọi chi tiết trên đôi giày lần này đều được thiết kế nhằm tối ưu hoá lối chơi tốc độ. </span></p><p style=\"font-family: \"Roboto Condensed\"; color: rgb(0, 0, 0);\"><span style=\"font-size: 15px;\">Có lẽ không phải ai trong chúng ta cũng đều ấn tượng với những phối màu bắt mắt thường xuất hiện trên chân cầu thủ. Một số người không thích trở thành tâm điểm trên sân với những đôi giày có phối màu sặc sỡ, thay vào đó họ sẽ để lối chơi của mình khẳng định bản thân họ. Nhưng bên cạnh đó, họ vẫn muốn được tận hưởng những công nghệ mới nhất từ các đôi giày. Thấu hiểu được tâm tư đó, các hãng thể thao vẫn thỉnh thoảng cho ra mắt những bộ sưu tập giày đá banh với gam màu đen chủ đạo. Và lần này là phiên bản mới nhất của <strong>“SHADOW PACK”</strong>. Bộ sưu tập lần này của nhà Swoosh sẽ mang đến cơ hội đầu tiên cho những ai theo đuổi phong cách tối giản muốn trải nghiệm một Air Zoom Mercurial hoàn toàn mới, ở cả hai phiên bản Superfly 9 và Vapor 15.</span></p>', '2022-11-28 14:55:01', '2022-12-21 11:49:18', 0),
(15, 3, 'NIKE MERCURIAL SUPERFLY 8 ACADEMY TF - DJ2878-054 - TRẮNG/XANH', 2150000, 20, 2150000, 'assets/img/NIKE MERCURIAL SUPERFLY 8 ACADEMY TF - DJ2878-054.PNG', '<p style=\"font-family: \"Roboto Condensed\"; color: rgb(0, 0, 0);\"><span style=\"font-size: 15px;\"><strong>NIKE MERCURIAL SUPERFLY 8 ACADEMY TF - GIÀY ĐÁ BÓNG SÂN CỎ NHÂN TẠO</strong></span></p><p style=\"font-family: \"Roboto Condensed\"; color: rgb(0, 0, 0);\"><span style=\"font-size: 15px;\">Trong tháng 01/2021 vừa qua, Nike đã công bố thế hệ tiếp theo của dòng giày Mercurial, lần lượt là Superfly 8 và Vapor 14. Ở lần cập nhật này, Nike đã bổ sung một phiên bản với thiết kế mới và hiện đại hơn vào lịch sử của dòng Mercurial huyền thoại. </span></p><p style=\"font-family: \"Roboto Condensed\"; color: rgb(0, 0, 0);\"><span style=\"font-size: 15px;\">Chuẩn bị cho sự trở lại của Champions League, vừa qua Nike đã chính thức phát hành “Progress\" Pack - bộ sưu tập giày đá banh bao gồm Mercurial Vapor 14 và Superfly 8 cùng với Phantom GT 2 trong phối màu trắng xanh tươi sáng.</span></p><p style=\"font-family: \"Roboto Condensed\"; color: rgb(0, 0, 0);\"><span style=\"font-size: 15px;\">Thời tiết ấm hơn, buổi tối dài hơn, lá đâm chồi nảy lộc trên cây, chỉ có nghĩa một điều… Mùa xuân đang đến với chúng ta, và điều đó có nghĩa là chúng ta đang bước vào giai đoạn cuối của mùa giải, nơi mỗi trận đấu đều mang ý nghĩa quyết định đối với mỗi đội bóng. Vừa qua, Nike đã cho ra mắt “Progress\" Pack nhằm mang đến các phối màu mới phù hợp với mùa xuân hơn dành cho silo Mercurial và Phantom GT 2, và cũng để chuẩn bị cho sự trở lại giải đấu hấp dẫn bậc nhất hành tinh - Champions League.</span></p><p style=\"font-family: \"Roboto Condensed\"; color: rgb(0, 0, 0);\"><span style=\"font-size: 15px;\">Cái tên “Progress\" của bộ sưu tập giày đá banh Nike lần này sẽ mang hai ý nghĩa. Đối với đội bóng, “Progress\" sẽ là hy vọng về sự tiến lên của đội trên tất cả các đấu trường. Còn đối với các trận cầu và cầu thủ hiện nay, “Progress\" chính là sự phát triển và cải thiện không ngừng.</span></p>', '2022-11-28 14:26:04', '2022-12-20 11:32:19', 0),
(16, 3, 'NIKE MERCURIAL VAPOR 14 ACADEMY TF - DJ2879-054 - TRẮNG/XANH', 1890000, 20, 1890000, 'assets/img/NIKE MERCURIAL VAPOR 14 ACADEMY TF - DJ2879-054.PNG', '<p style=\"font-family: \"Roboto Condensed\"; color: rgb(0, 0, 0);\"><span style=\"font-size: 15px;\"><strong>NIKE MERCURIAL VAPOR 14 ACADEMY TF - GIÀY ĐÁ BÓNG SÂN CỎ NHÂN TẠO</strong></span></p><p style=\"font-family: \"Roboto Condensed\"; color: rgb(0, 0, 0);\"><span style=\"font-size: 15px;\">Trong tháng 01/2021 vừa qua, Nike đã công bố thế hệ tiếp theo của dòng giày Mercurial, lần lượt là Superfly 8 và Vapor 14. Ở lần cập nhật này, Nike đã bổ sung một phiên bản với thiết kế mới và hiện đại hơn vào lịch sử của dòng Mercurial huyền thoại. </span></p><p style=\"font-family: \"Roboto Condensed\"; color: rgb(0, 0, 0);\"><span style=\"font-size: 15px;\">Chuẩn bị cho sự trở lại của Champions League, vừa qua Nike đã chính thức phát hành “Progress\" Pack - bộ sưu tập giày đá banh bao gồm Mercurial Vapor 14 và Superfly 8 cùng với Phantom GT 2 trong phối màu trắng xanh tươi sáng.</span></p><p style=\"font-family: \"Roboto Condensed\"; color: rgb(0, 0, 0);\"><span style=\"font-size: 15px;\">Thời tiết ấm hơn, buổi tối dài hơn, lá đâm chồi nảy lộc trên cây, chỉ có nghĩa một điều… Mùa xuân đang đến với chúng ta, và điều đó có nghĩa là chúng ta đang bước vào giai đoạn cuối của mùa giải, nơi mỗi trận đấu đều mang ý nghĩa quyết định đối với mỗi đội bóng. Vừa qua, Nike đã cho ra mắt “Progress\" Pack nhằm mang đến các phối màu mới phù hợp với mùa xuân hơn dành cho silo Mercurial và Phantom GT 2, và cũng để chuẩn bị cho sự trở lại giải đấu hấp dẫn bậc nhất hành tinh - Champions League.</span></p><p style=\"font-family: \"Roboto Condensed\"; color: rgb(0, 0, 0);\"><span style=\"font-size: 15px;\">Cái tên “Progress\" của bộ sưu tập giày đá banh Nike lần này sẽ mang hai ý nghĩa. Đối với đội bóng, “Progress\" sẽ là hy vọng về sự tiến lên của đội trên tất cả các đấu trường. Còn đối với các trận cầu và cầu thủ hiện nay, “Progress\" chính là sự phát triển và cải thiện không ngừng.</span></p>', '2022-11-28 14:23:06', '2022-12-20 12:32:53', 0),
(17, 3, 'NIKE REACT PHANTOM GT2 PRO TF - DC0768-808 - CAM/TRẮNG', 2550000, 20, 2250000, 'assets/img/NIKE REACT PHANTOM GT2 PRO TF - DC0768-808.PNG', '<p style=\"font-family: \"Roboto Condensed\"; color: rgb(0, 0, 0);\"><span style=\"font-size: 15px;\"><strong>NIKE REACT PHANTOM GT2 PRO TF - GIÀY ĐÁ BÓNG SÂN CỎ NHÂN TẠO</strong></span></p><p style=\"font-family: \"Roboto Condensed\"; color: rgb(0, 0, 0);\"><span style=\"font-size: 15px;\">Sau gần 1 năm kể từ ngày ra mắt Phantom GT, Nike tiếp tục trình làng thế hệ thứ 2 của dòng giày đá bóng đa năng này vào đầu tháng 7/2021. Với những thay đổi trên thế hệ mới này, Phantom GT 2 hứa hẹn sẽ làm hài lòng các fan đam mê giày đá bóng, kể cả những người chơi khó tính nhất.</span></p><p style=\"font-family: \"Roboto Condensed\"; color: rgb(0, 0, 0);\"><span style=\"font-size: 15px;\">Phối màu chính thức của mẫu giày đá banh Nike Phantom GT 2 “Blueprint” sẽ là \"Laser Orange/Black/Total Orange\" (Cam/Đen) với gam màu chủ đạo là cam (tạo sự liên kết giữa các mẫu giày trong Blueprint Pack). Hai tông màu cam khác nhau làm tôn lên thiết kế đường nét mạnh mẽ của Phantom, kết hợp với dấu Swoosh màu đen tương phản. Điểm nhấn cuối cùng chính là những đường viền xanh ngắn xen kẽ giúp hoàn thiện đôi giày.</span></p>', '2022-11-28 14:57:07', '2022-12-21 11:00:17', 0),
(18, 3, 'NIKE TIEMPO REACT LEGEND 9 PRO TF - DA1192-616 - ĐỎ BORDEAUX', 2590000, 19, 2190000, 'assets/img/NIKE TIEMPO REACT LEGEND 9 PRO TF - DA1192-616.PNG', '<p style=\"font-family: \"Roboto Condensed\"; color: rgb(0, 0, 0);\"><span style=\"font-size: 15px;\"><strong>NIKE TIEMPO LEGEND 9 PRO TF - GIÀY ĐÁ BÓNG SÂN CỎ NHÂN TẠO</strong></span></p><p style=\"font-family: \"Roboto Condensed\"; color: rgb(0, 0, 0);\"><span style=\"font-size: 15px;\">Đầu tháng 07/2021, Nike đã cho ra mắt thế hệ thứ tiếp theo của dòng giày đá bóng huyền thoại của mình đó là giày đá bóng Nike Tiempo Legend 9. Ngoài việc kế thừa lại những đặc tính tốt nhất từ các thế hệ đàn anh đi trước, đôi Nike Tiempo Legend 9 còn được giới thiệu với thiết kế mới cực kỳ tiên tiến. Đây được xem là thế hệ giày Nike Tiempo nhẹ nhất từ trước đến nay của nhà Swoosh.</span></p><p style=\"font-family: \"Roboto Condensed\"; color: rgb(0, 0, 0);\"><span style=\"font-size: 15px;\">“Blueprint\" Pack có lẽ là một trong những bộ sưu tập giày đá banh kỳ lạ nhất của Nike trong thời gian qua, khi 3 silo trong BST này được ra mắt trong vòng 3 tháng liên tiếp (trái với các BST khác, các silo được ra mắt cùng lúc hoặc cách nhau không quá lâu). Đầu tiên là sự ra mắt của Mercurial Vapor 14 và Superfly 8 trong phối màu “Chlorine Blue/Laser Orange/Marina” (Xanh dương/Cam) gợi lên hình ảnh về tên gọi của pack giày lần này. Mặc dù đây không phải là thế hệ mới của dòng giày nổi tiếng này, nhưng chúng đã có những tinh chỉnh về mặt thiết kế để chuẩn bị cho một năm đầy ắp những sự kiện quan trọng của thế giới Túc cầu giáo. Sau đó là sự ra mắt của Phantom GT 2 với phối màu \"Laser Orange / Black / Total Orange\" (Cam/Đen) có phần trái ngược với Mercurial, nhưng vẫn duy trì được mối liên kết màu sắc trong cùng 1 pack. Và giờ đây, cuối cùng chúng ta cũng được thấy Tiempo Legend 9 sau một quãng thời gian đợi chờ.</span></p><p style=\"font-family: \"Roboto Condensed\"; color: rgb(0, 0, 0);\"><span style=\"font-size: 15px;\">Có thể khi lần đầu nhìn thấy phiên bản Tiempo 9 này, bạn sẽ không nghĩ nó là một phần của “Blueprint” Pack, khi nó xuất hiện trong một phối màu hoàn toàn khác biệt với 2 mẫu giày trước là “Team Red/White/Mystic Hibiscus” (Đỏ/Trắng/Xanh dương). Dường như gam màu đỏ đô trên mẫu giày Tiempo 9 lần này đã đánh bay mối liên kết màu sắc giữa các mẫu giày trong “Blueprint” Pack. Nhưng chúng ta vẫn có thể nhận thấy còn đó một chút sắc “Mystic Hibiscus” (xanh dương) trên phần viền logo Swoosh và đế giày để giữ lại mối liên kết màu sắc có phần “mỏng manh\" này. </span></p>', '2022-11-28 14:57:08', '2022-12-21 11:21:16', 0),
(19, 3, 'NIKE MERCURIAL VAPOR 14 ACADEMY TF - DJ2879-007 - ĐEN/BẠC', 1850000, 20, 1850000, 'assets/img/NIKE MERCURIAL VAPOR 14 ACADEMY TF - DJ2879-007.PNG', '<p style=\"font-family: \"Roboto Condensed\"; color: rgb(0, 0, 0);\"><span style=\"font-size: 15px;\"><strong>NIKE MERCURIAL VAPOR 14 ACADEMY TF - GIÀY ĐÁ BÓNG SÂN CỎ NHÂN TẠO</strong></span></p><p style=\"font-family: \"Roboto Condensed\"; color: rgb(0, 0, 0);\"><span style=\"font-size: 15px;\">Trong tháng 01/2021 vừa qua, Nike đã công bố thế hệ tiếp theo của dòng giày Mercurial, lần lượt là Superfly 8 và Vapor 14. Ở lần cập nhật này, Nike đã bổ sung một phiên bản với thiết kế mới và hiện đại hơn vào lịch sử của dòng Mercurial huyền thoại. </span></p><p style=\"font-family: \"Roboto Condensed\"; color: rgb(0, 0, 0);\"><span style=\"font-size: 15px;\">Những ai đam mê giày đá banh đều muốn được mang trên chân đôi giày giống với thần tượng của mình. Thế nhưng, thỉnh thoảng bạn sẽ nhận được một pack giày không được những cầu thủ chuyên nghiệp mang, và nó đẹp đến mức bạn quên mất việc muốn bắt chước thần tượng của mình. Và đó chắc chắn là trường hợp của “Shadow\" Pack lần này. Đơn giản nhưng lại cực kỳ tinh tế.</span></p><p style=\"font-family: \"Roboto Condensed\"; color: rgb(0, 0, 0);\"><span style=\"font-size: 15px;\">“Shadow\" Pack là phối màu đặc biệt trong mùa giải 21/22 của nhà Nike, sự lựa chọn hoàn hảo dành cho những ai muốn tự để lối chơi của mình lên tiếng trên sân bóng. Tên của pack giày lần này đã thật sự nói lên tất cả, với Mercurial và Phantom GT II được ra mắt trong phối màu đen huyền bí. Những ai thường xuyên theo dõi các tin tức về giày đá banh hẳn đã không còn quá xa lạ với xu hướng ra mắt các pack giày đen vào đầu năm mới từ những thương hiệu hàng đầu thế giới. Nike đã luôn rất thành công trong những bộ sưu tập giày đá banh với phối màu đen của mình từ năm này qua năm khác (như Black x Prism Pack và Renew Pack trong năm 2021). Nhưng ở lần ra mắt này, Nike thật sự đã mang đến một đột phá mới trong cách phối màu. </span></p>', '2022-11-28 14:05:10', '2022-12-20 12:40:53', 0),
(20, 4, 'ADIDAS X SPEEDPORTAL.1 TF - GW8972 - WORLD CUP', 2850000, 19, 2650000, 'assets/img/ADIDAS X SPEEDPORTAL.1 TF - GW8972.PNG', '<p style=\"font-family: \"Roboto Condensed\"; color: rgb(0, 0, 0);\"><span style=\"font-size: 15px;\"><strong>ADIDAS X SPEEDPORTAL.1 TF - GIÀY ĐÁ BÓNG SÂN CỎ NHÂN TẠO</strong></span></p><p style=\"font-family: \"Roboto Condensed\"; color: rgb(0, 0, 0);\"><span style=\"font-size: 15px;\">Mùa hè 2022, thế giới bóng đá đón chào sự xuất hiện của những thế hệ tiếp theo thuộc các silo giày đá banh đình đám nhất hiện nay. Trong đó không thể không kể đến <strong>X Speedportal</strong> - thế hệ tiếp theo của dòng giày adidas X. X Speedportal sẽ đem đến những thay đổi về mặt chất liệu và công nghệ giày tiên tiến nhất của adidas nhằm giúp người mang có được trải nghiệm chơi bóng tuyệt vời nhất.</span></p><p style=\"font-family: \"Roboto Condensed\"; color: rgb(0, 0, 0);\"><span style=\"font-size: 15px;\">Xét về thiết kế, X Speedportal có form dáng thon gọn đậm chất tốc độ, phù hợp với lối chơi yêu cầu tốc độ và sự linh hoạt cao như tiền đạo, tiền vệ, hậu vệ cánh… Logo Ba Sọc đặc trưng của hãng nay đã được đặt ở vùng mũi má ngoài, tạo nên một thiết kế hiện đại và trẻ trung hơn. </span></p><p style=\"font-family: \"Roboto Condensed\"; color: rgb(0, 0, 0);\"><span style=\"font-size: 15px;\">Mỗi khi World Cup tới là chúng ta lại có dịp chiêm ngưỡng những bộ sưu tập giày đá banh đẹp mắt được các hãng thể thao nổi tiếng ấp ủ rất lâu trước khi chính thức trình làng. Và bộ sưu tập mới nhất vừa được adidas ra mắt cũng không phải là một ngoại lệ!  Mang tên “Al Rihla Pack” - được đặt dựa theo tên của quả bóng chính thức tại World Cup năm nay - đây là bộ sưu tập sẽ mang đến phối màu mới của những X Speedportal, Predator Edge và Copa Sense trong phổ màu gradient cực kỳ đẹp mắt.</span></p>', '2022-11-28 14:39:12', '2022-12-23 15:56:32', 0),
(21, 4, 'ADIDAS PREDATOR EDGE.1 TF - GZ6101 - WORLD CUP', 3050000, 20, 2450000, 'assets/img/ADIDAS PREDATOR EDGE.1 TF - GZ6101.PNG', '<p style=\"font-family: \"Roboto Condensed\"; color: rgb(0, 0, 0);\"><span style=\"font-size: 15px;\"><strong>ADIDAS PREDATOR EDGE.1 TF - GIÀY ĐÁ BÓNG SÂN CỎ NHÂN TẠO</strong></span></p><p style=\"font-family: \"Roboto Condensed\"; color: rgb(0, 0, 0);\"><span style=\"font-size: 15px;\">Predator Edge là thế hệ thứ 19 của một trong những dòng giày mang tính biểu tượng nhất mọi thời đại. Predator Edge đã từ bỏ thiết kế có phần gai góc và hung dữ của 2 thế hệ trước (Mutator và Freak) với lớp phủ 3D Demonskin trên bề mặt upper, để thay vào đó là một thiết kế cổ điển hơn, chịu ảnh hưởng lớn từ Predator LZ (Lethal Zones).</span></p><p style=\"font-family: \"Roboto Condensed\"; color: rgb(0, 0, 0);\"><span style=\"font-size: 15px;\">Mỗi khi World Cup tới là chúng ta lại có dịp chiêm ngưỡng những bộ sưu tập giày đá banh đẹp mắt được các hãng thể thao nổi tiếng ấp ủ rất lâu trước khi chính thức trình làng. Và bộ sưu tập mới nhất vừa được adidas ra mắt cũng không phải là một ngoại lệ!  Mang tên “Al Rihla Pack” - được đặt dựa theo tên của quả bóng chính thức tại World Cup năm nay - đây là bộ sưu tập sẽ mang đến phối màu mới của những X Speedportal, Predator Edge và Copa Sense trong phổ màu gradient cực kỳ đẹp mắt.</span></p>', '2022-11-28 14:33:15', '2022-12-21 11:11:21', 0),
(22, 4, 'ADIDAS PREDATOR EDGE.3 TF - GW0951 - WORLD CUP', 2150000, 20, 2150000, 'assets/img/ADIDAS PREDATOR EDGE.3 TF - GW0951.PNG', '<p style=\"font-family: \"Roboto Condensed\"; color: rgb(0, 0, 0);\"><span style=\"font-size: 15px;\"><strong>ADIDAS PREDATOR EDGE .3 TF - GIÀY ĐÁ BÓNG SÂN CỎ NHÂN TẠO</strong></span></p><p style=\"font-family: \"Roboto Condensed\"; color: rgb(0, 0, 0);\"><span style=\"font-size: 15px;\">Sau 2 năm 2020 và 2021 với thiết kế có phần “gai góc” và “dữ tợn\" thì nay Predator đã trở lại dưới tên gọi là Predator Egde cùng với dáng vẻ cổ điển năm nào.</span></p><p style=\"font-family: \"Roboto Condensed\"; color: rgb(0, 0, 0);\"><span style=\"font-size: 15px;\">Predator Edge là thế hệ thứ 19 của một trong những dòng giày mang tính biểu tượng nhất mọi thời đại. Predator Edge đã từ bỏ thiết kế có phần gai góc và hung dữ của 2 thế hệ trước (Mutator và Freak) với lớp phủ 3D Demonskin trên bề mặt upper, để thay vào đó là một thiết kế cổ điển hơn, chịu ảnh hưởng lớn từ Predator LZ (Lethal Zones).</span></p><p style=\"font-family: \"Roboto Condensed\"; color: rgb(0, 0, 0);\"><span style=\"font-size: 15px;\">Mỗi khi World Cup tới là chúng ta lại có dịp chiêm ngưỡng những bộ sưu tập giày đá banh đẹp mắt được các hãng thể thao nổi tiếng ấp ủ rất lâu trước khi chính thức trình làng. Và bộ sưu tập mới nhất vừa được adidas ra mắt cũng không phải là một ngoại lệ!  Mang tên “Al Rihla Pack” - được đặt dựa theo tên của quả bóng chính thức tại World Cup năm nay - đây là bộ sưu tập sẽ mang đến phối màu mới của những X Speedportal, Predator Edge và Copa Sense trong phổ màu gradient cực kỳ đẹp mắt.</span></p>', '2022-11-28 14:34:16', '2022-12-20 12:12:54', 0),
(23, 4, 'ADIDAS COPA SENSE.3 TF - GZ1363 - WORLD CUP', 1900000, 19, 1900000, 'assets/img/ADIDAS COPA SENSE.3 TF - GZ1363.PNG', '<p style=\"font-family: \"Roboto Condensed\"; color: rgb(0, 0, 0);\"><span style=\"font-size: 15px;\"><strong>ADIDAS COPA SENSE .3 TF- GIÀY ĐÁ BÓNG SÂN CỎ NHÂN TẠO</strong></span></p><p style=\"font-family: \"Roboto Condensed\"; color: rgb(0, 0, 0);\"><span style=\"font-size: 15px;\">Nổi bật với chất liệu da mềm đem lại cảm giác bóng chân thực nhất. Thiết kế thân giày hình lượn sóng hỗ trợ tối đa cho những pha chạm bóng kỹ thuật của bạn.<strong></strong></span></p><p style=\"font-family: \"Roboto Condensed\"; color: rgb(0, 0, 0);\"><span style=\"font-size: 15px;\">Mỗi khi World Cup tới là chúng ta lại có dịp chiêm ngưỡng những bộ sưu tập giày đá banh đẹp mắt được các hãng thể thao nổi tiếng ấp ủ rất lâu trước khi chính thức trình làng. Và bộ sưu tập mới nhất vừa được adidas ra mắt cũng không phải là một ngoại lệ!  Mang tên “Al Rihla Pack” - được đặt dựa theo tên của quả bóng chính thức tại World Cup năm nay - đây là bộ sưu tập sẽ mang đến phối màu mới của những X Speedportal, Predator Edge và Copa Sense trong phổ màu gradient cực kỳ đẹp mắt.</span></p>', '2022-11-28 14:52:17', '2022-12-20 11:03:20', 0),
(24, 4, 'ADIDAS X SPEEDPORTAL.3 TF - GW8486 - BẠC RAINBOW', 1850000, 20, 1850000, 'assets/img/ADIDAS X SPEEDPORTAL.3 TF - GW8486.PNG', '<p style=\"font-family: \"Roboto Condensed\"; color: rgb(0, 0, 0);\"><span style=\"font-size: 15px;\"><strong>ADIDAS X SPEEDPORTAL.3 TF - GIÀY ĐÁ BÓNG SÂN CỎ NHÂN TẠO</strong></span></p><p style=\"font-family: \"Roboto Condensed\"; color: rgb(0, 0, 0);\"><span style=\"font-size: 15px;\">Mùa hè 2022, thế giới bóng đá đón chào sự xuất hiện của những thế hệ tiếp theo thuộc các silo giày đá banh đình đám nhất hiện nay. Trong đó không thể không kể đến <strong>X Speedportal</strong> - thế hệ tiếp theo của dòng giày adidas X. X Speedportal sẽ đem đến những thay đổi về mặt chất liệu và công nghệ giày tiên tiến nhất của adidas nhằm giúp người mang có được trải nghiệm chơi bóng tuyệt vời nhất.</span></p><p style=\"font-family: \"Roboto Condensed\"; color: rgb(0, 0, 0);\"><span style=\"font-size: 15px;\">Xét về thiết kế, X Speedportal có form dáng thon gọn đậm chất tốc độ, phù hợp với lối chơi yêu cầu tốc độ và sự linh hoạt cao như tiền đạo, tiền vệ, hậu vệ cánh… Logo Ba Sọc đặc trưng của hãng nay đã được đặt ở vùng mũi má ngoài, tạo nên một thiết kế hiện đại và trẻ trung hơn. </span></p>', '2022-11-28 14:53:19', '2022-12-20 12:24:54', 0),
(25, 4, 'ADIDAS X SPEEDPORTAL MESSI.3 TF - GW8395 - TRẮNG/ĐỎ', 1890000, 20, 1890000, 'assets/img/ADIDAS X SPEEDPORTAL MESSI.3 TF - GW8395.PNG', '<p style=\"font-family: \"Roboto Condensed\"; color: rgb(0, 0, 0);\"><span style=\"font-size: 15px;\"><strong>ADIDAS X SPEEDPORTAL MESSI.3  TF - GIÀY ĐÁ BÓNG SÂN CỎ NHÂN TẠO</strong></span></p><p style=\"font-family: \"Roboto Condensed\"; color: rgb(0, 0, 0);\"><span style=\"font-size: 15px;\">Mùa hè 2022, thế giới bóng đá đón chào sự xuất hiện của những thế hệ tiếp theo thuộc các silo giày đá banh đình đám nhất hiện nay. Trong đó không thể không kể đến <strong>X Speedportal</strong> - thế hệ tiếp theo của dòng giày adidas X. X Speedportal sẽ đem đến những thay đổi về mặt chất liệu và công nghệ giày tiên tiến nhất của adidas nhằm giúp người mang có được trải nghiệm chơi bóng tuyệt vời nhất.</span></p><p style=\"font-family: \"Roboto Condensed\"; color: rgb(0, 0, 0);\"><span style=\"font-size: 15px;\">Xét về thiết kế, X Speedportal có form dáng thon gọn đậm chất tốc độ, phù hợp với lối chơi yêu cầu tốc độ và sự linh hoạt cao như tiền đạo, tiền vệ, hậu vệ cánh… Logo Ba Sọc đặc trưng của hãng nay đã được đặt ở vùng mũi má ngoài, tạo nên một thiết kế hiện đại và trẻ trung hơn. </span></p><p style=\"font-family: \"Roboto Condensed\"; color: rgb(0, 0, 0);\"><span style=\"font-size: 15px;\"><strong>Balon Te Adoro</strong> (Tạm dịch: Tôi yêu trái bóng) là phối màu thửa riêng dành cho Messi. Thiết kế của phối màu lần này nhằm tri ân đến với câu lạc bộ thời thơ ấu của Messi - Newell\'s Old Boys. Messi đã tham gia câu lạc bộ này vào năm 6 tuổi và chơi ở đây 6 năm trước khi chuyển đến Barcelona .</span></p><p style=\"font-family: \"Roboto Condensed\"; color: rgb(0, 0, 0);\"><span style=\"font-size: 15px;\">Trên bề mặt upper là những câu từ hay slogan mang đầy ý nghĩa như “Siempre Juntos” (Luôn cùng nhau) và “Compañero” (Sự đồng hành).</span></p>', '2022-11-28 14:59:20', '2022-12-20 12:33:54', 0),
(26, 4, 'ADIDAS X SPEEDPORTAL.3 TF - GW8487 - ĐEN XÁM', 1850000, 20, 1850000, 'assets/img/ADIDAS X SPEEDPORTAL.3 TF - GW8487.PNG', '<p style=\"font-family: \"Roboto Condensed\"; color: rgb(0, 0, 0);\"><span style=\"font-size: 15px;\"><strong>ADIDAS X SPEEDPORTAL.3 TF - GIÀY ĐÁ BÓNG SÂN CỎ NHÂN TẠO</strong></span></p><p style=\"font-family: \"Roboto Condensed\"; color: rgb(0, 0, 0);\"><span style=\"font-size: 15px;\">Mùa hè 2022, thế giới bóng đá đón chào sự xuất hiện của những thế hệ tiếp theo thuộc các silo giày đá banh đình đám nhất hiện nay. Trong đó không thể không kể đến <strong>X Speedportal</strong> - thế hệ tiếp theo của dòng giày adidas X. X Speedportal sẽ đem đến những thay đổi về mặt chất liệu và công nghệ giày tiên tiến nhất của adidas nhằm giúp người mang có được trải nghiệm chơi bóng tuyệt vời nhất.</span></p><p style=\"font-family: \"Roboto Condensed\"; color: rgb(0, 0, 0);\"><span style=\"font-size: 15px;\">Xét về thiết kế, X Speedportal có form dáng thon gọn đậm chất tốc độ, phù hợp với lối chơi yêu cầu tốc độ và sự linh hoạt cao như tiền đạo, tiền vệ, hậu vệ cánh… Logo Ba Sọc đặc trưng của hãng nay đã được đặt ở vùng mũi má ngoài, tạo nên một thiết kế hiện đại và trẻ trung hơn. </span></p><p style=\"font-family: \"Roboto Condensed\"; color: rgb(0, 0, 0);\"><span style=\"font-size: 15px;\">Trái ngược hoàn toàn với “<a href=\"https://thanhhungfutsal.com/blogs/tin-tuc/kham-pha-adidas-game-data-pack-bst-giay-da-banh-voi-gam-mau-ruc-ro-cho-mot-mua-he-song-dong\" style=\"color: rgb(40, 138, 214);\"><strong>Game Data Pack</strong></a>” được phát hành cùng lúc, “<strong>Shadowportal Pack</strong>” là bộ sưu tập giày đá banh sẽ mang đến những mẫu giày X Speedportal, Predator Edge và Copa Sense trong phối màu đen sang trọng.</span></p>', '2022-11-28 14:29:25', '2022-12-20 12:42:54', 0),
(27, 4, 'ADIDAS X SPEEDPORTAL.1 TF - GW8973 - XANH LÁ MẠ', 2850000, 19, 2550000, 'assets/img/ADIDAS X SPEEDPORTAL.1 TF - GW8973.PNG', '<p style=\"font-family: \"Roboto Condensed\"; color: rgb(0, 0, 0);\"><span style=\"font-size: 15px;\"><strong>ADIDAS X SPEEDPORTAL.1 TF - GIÀY ĐÁ BÓNG SÂN CỎ NHÂN TẠO</strong></span></p><p style=\"font-family: \"Roboto Condensed\"; color: rgb(0, 0, 0);\"><span style=\"font-size: 15px;\">Mùa hè 2022, thế giới bóng đá đón chào sự xuất hiện của những thế hệ tiếp theo thuộc các silo giày đá banh đình đám nhất hiện nay. Trong đó không thể không kể đến <strong>X Speedportal</strong> - thế hệ tiếp theo của dòng giày adidas X. X Speedportal sẽ đem đến những thay đổi về mặt chất liệu và công nghệ giày tiên tiến nhất của adidas nhằm giúp người mang có được trải nghiệm chơi bóng tuyệt vời nhất.</span></p><p style=\"font-family: \"Roboto Condensed\"; color: rgb(0, 0, 0);\"><span style=\"font-size: 15px;\">Xét về thiết kế, X Speedportal có form dáng thon gọn đậm chất tốc độ, phù hợp với lối chơi yêu cầu tốc độ và sự linh hoạt cao như tiền đạo, tiền vệ, hậu vệ cánh… Logo Ba Sọc đặc trưng của hãng nay đã được đặt ở vùng mũi má ngoài, tạo nên một thiết kế hiện đại và trẻ trung hơn. </span></p>', '2022-11-28 14:36:26', '2022-12-21 11:40:23', 0),
(28, 4, 'ADIDAS PREDATOR EDGE.1 TF - GW0952 - CAM/ĐỎ', 2990000, 20, 2490000, 'assets/img/ADIDAS PREDATOR EDGE.1 TF - GW0952.PNG', '<p style=\"font-family: \"Roboto Condensed\"; color: rgb(0, 0, 0);\"><span style=\"font-size: 15px;\"><strong>ADIDAS PREDATOR EDGE.1 TF - GIÀY ĐÁ BÓNG SÂN CỎ NHÂN TẠO</strong></span></p><p style=\"font-family: \"Roboto Condensed\"; color: rgb(0, 0, 0);\"><span style=\"font-size: 15px;\">Predator Edge là thế hệ thứ 19 của một trong những dòng giày mang tính biểu tượng nhất mọi thời đại. Predator Edge đã từ bỏ thiết kế có phần gai góc và hung dữ của 2 thế hệ trước (Mutator và Freak) với lớp phủ 3D Demonskin trên bề mặt upper, để thay vào đó là một thiết kế cổ điển hơn, chịu ảnh hưởng lớn từ Predator LZ (Lethal Zones).</span></p><p style=\"font-family: \"Roboto Condensed\"; color: rgb(0, 0, 0);\"><span style=\"font-size: 15px;\">Tiếp nối xu hướng trình làng những bộ sưu tập với gam màu trắng vào cuối mùa giải, vừa qua, adidas đã cho ra mắt “Diamond Edge\" Pack. Đây sẽ là bộ sưu tập bao gồm 3 silo giày đá banh của hãng là X Speedflow, Predator Edge và Copa Sense trong phối màu trắng xanh cực kỳ bắt mắt.</span></p>', '2022-11-28 14:26:28', '2022-12-21 11:05:22', 0),
(29, 4, 'ADIDAS PREDATOR EDGE.3 TF - GV8536 - CAM/ĐỎ', 2150000, 12, 2050000, 'assets/img/ADIDAS PREDATOR EDGE.3 TF - GV8536.PNG', '<p style=\"font-family: \"Roboto Condensed\"; color: rgb(0, 0, 0);\"><span style=\"font-size: 15px;\"><strong>ADIDAS PREDATOR EDGE.3 TF - GIÀY ĐÁ BÓNG SÂN CỎ NHÂN TẠO</strong></span></p><p style=\"font-family: \"Roboto Condensed\"; color: rgb(0, 0, 0);\"><span style=\"font-size: 15px;\">Predator Edge là thế hệ thứ 19 của một trong những dòng giày mang tính biểu tượng nhất mọi thời đại. Predator Edge đã từ bỏ thiết kế có phần gai góc và hung dữ của 2 thế hệ trước (Mutator và Freak) với lớp phủ 3D Demonskin trên bề mặt upper, để thay vào đó là một thiết kế cổ điển hơn, chịu ảnh hưởng lớn từ Predator LZ (Lethal Zones).</span></p><p style=\"font-family: \"Roboto Condensed\"; color: rgb(0, 0, 0);\"><span style=\"font-size: 15px;\">Mặc dù đã xuất hiện trên chân các cầu thủ trong nhiều tuần vừa qua, nhưng giờ đây adidas “Game Data Pack” đã chính thức được ra mắt. Đây là bộ sưu tập giày đá banh bao gồm 3 silo Predator Edge, Copa Sense và X Speedportal hoàn toàn mới trong những sắc màu rực rỡ.</span></p>', '2022-11-28 14:10:32', '2022-12-21 11:30:26', 0),
(30, 4, 'ADIDAS COPA SENSE.3 TF - GZ1366 - VÀNG CHANH', 1800000, 20, 1800000, 'assets/img/ADIDAS COPA SENSE.3 TF - GZ1366.PNG', '<p style=\"font-family: \"Roboto Condensed\"; color: rgb(0, 0, 0);\"><span style=\"font-size: 15px;\"><strong>ADIDAS COPA SENSE .3 TF- GIÀY ĐÁ BÓNG SÂN CỎ NHÂN TẠO</strong></span></p><p style=\"font-family: \"Roboto Condensed\"; color: rgb(0, 0, 0);\"><span style=\"font-size: 15px;\">Nổi bật với chất liệu da mềm đem lại cảm giác bóng chân thực nhất. Thiết kế thân giày hình lượn sóng hỗ trợ tối đa cho những pha chạm bóng kỹ thuật của bạn.<strong></strong></span></p><p style=\"font-family: \"Roboto Condensed\"; color: rgb(0, 0, 0);\"><span style=\"font-size: 15px;\">Tiếp nối xu hướng trình làng những bộ sưu tập với gam màu trắng vào cuối mùa giải, vừa qua, adidas đã cho ra mắt “Diamond Edge\" Pack. Đây sẽ là bộ sưu tập bao gồm 3 silo giày đá banh của hãng là X Speedflow, Predator Edge và Copa Sense trong phối màu trắng xanh cực kỳ bắt mắt.</span></p>', '2022-11-28 14:04:33', '2022-12-20 12:23:55', 0),
(31, 4, 'ADIDAS PREDATOR EDGE.1 TF - GZ6448 - TÍM/HỒNG', 2950000, 16, 2550000, 'assets/img/ADIDAS PREDATOR EDGE.1 TF - GZ6448.PNG', '<p style=\"font-family: \"Roboto Condensed\"; color: rgb(0, 0, 0);\"><span style=\"font-size: 15px;\"><strong>ADIDAS PREDATOR EDGE.1 TF - GIÀY ĐÁ BÓNG SÂN CỎ NHÂN TẠO</strong></span></p><p style=\"font-family: \"Roboto Condensed\"; color: rgb(0, 0, 0);\"><span style=\"font-size: 15px;\">Predator Edge là thế hệ thứ 19 của một trong những dòng giày mang tính biểu tượng nhất mọi thời đại. Predator Edge đã từ bỏ thiết kế có phần gai góc và hung dữ của 2 thế hệ trước (Mutator và Freak) với lớp phủ 3D Demonskin trên bề mặt upper, để thay vào đó là một thiết kế cổ điển hơn, chịu ảnh hưởng lớn từ Predator LZ (Lethal Zones).</span></p><p style=\"font-family: \"Roboto Condensed\"; color: rgb(0, 0, 0);\"><span style=\"font-size: 15px;\">Tiếp nối xu hướng trình làng những bộ sưu tập với gam màu trắng vào cuối mùa giải, vừa qua, adidas đã cho ra mắt “Diamond Edge\" Pack. Đây sẽ là bộ sưu tập bao gồm 3 silo giày đá banh của hãng là X Speedflow, Predator Edge và Copa Sense trong phối màu trắng xanh cực kỳ bắt mắt.</span></p>', '2022-11-28 14:03:34', '2022-12-21 11:45:22', 0),
(32, 5, 'PUMA FUTURE Z 1.4 PRO CAGE - 106992-03 - WORLD CUP', 2890000, 18, 2290000, 'assets/img/PUMA FUTURE Z 1.4 PRO CAGE - 106992-03.PNG', '<p style=\"font-family: \"Roboto Condensed\"; color: rgb(0, 0, 0);\"><span style=\"font-size: 15px;\"><strong>PUMA FUTURE Z 1.4 PRO CAGE - GIÀY ĐÁ BÓNG SÂN CỎ NHÂN TẠO</strong></span></p><p style=\"font-family: \"Roboto Condensed\"; color: rgb(0, 0, 0);\"><span style=\"font-size: 15px;\">Nối tiếp adidas, PUMA là thương hiệu thể thao tiếp theo trình làng bộ sưu tập giày đá banh chuẩn bị cho World Cup 2022, mang tên “Fearless Pack”. Với mong muốn thúc đẩy các cầu thủ của mình có thể chơi bóng một cách tự tin, không sợ hãi, nhà Báo Đức đã mang đến 2 mẫu giày Future Z 1.4 và Ultra Ultimate trong phối màu đỏ vàng cực kỳ đẹp mắt.</span></p>', '2022-11-28 14:10:35', '2022-12-21 11:35:27', 0),
(33, 5, 'PUMA ULTRA ULTIMATE CAGE TF - 106893-03 - WORLD CUP', 2850000, 20, 2350000, 'assets/img/PUMA ULTRA ULTIMATE CAGE TF - 106893-03.PNG', '<p style=\"font-family: \"Roboto Condensed\"; color: rgb(0, 0, 0);\"><span style=\"font-size: 15px;\"><strong>PUMA ULTRA ULTIMATE CAGE TF - GIÀY ĐÁ BÓNG SÂN CỎ NHÂN TẠO</strong></span></p><p style=\"font-family: \"Roboto Condensed\"; color: rgb(0, 0, 0);\"><span style=\"font-size: 15px;\">Nâng cấp các trận đấu của bạn lên một tầm cao mới với thế hệ tiếp theo của dòng giày tốc độ thuộc nhà Báo. <strong>PUMA ULTRA ULTIMATE CAGE</strong> được thiết kế với những cải tiến đáng kể so với thế hệ trước, nhằm mang lại trải nghiệm tự tin và bùng nổ hơn cho người mang. </span></p>', '2022-11-28 14:48:36', '2022-12-21 11:16:28', 0),
(34, 5, 'PUMA FUTURE Z 3.4 TT - 107002-01 - ĐEN/XANH LÁ', 2150000, 20, 2150000, 'assets/img/PUMA FUTURE Z 3.4 TT - 107002-01.PNG', '<p style=\"font-family: \"Roboto Condensed\"; color: rgb(0, 0, 0);\"><span style=\"font-size: 15px;\"><strong>PUMA FUTURE Z 3.4 TT - GIÀY ĐÁ BÓNG SÂN CỎ NHÂN TẠO</strong></span></p><p style=\"font-family: \"Roboto Condensed\"; color: rgb(0, 0, 0);\"><span style=\"font-size: 15px;\">Cảm giác bóng vượt trội, form giày ôm chân, trọng lượng nhẹ cùng độ bám sân tuyệt vời là những điều mà bạn sẽ nhận được khi sở hữu <strong>PUMA FUTURE Z 3.4 TT</strong>. Được thiết kế đặc biệt để thi đấu trên mặt sân cỏ nhân tạo, <strong>Future Z 3.4 TT</strong> là sự kết hợp giữa bộ ba upper sợi dệt EvoKnit Pro, đế ngoài Dynamic Motion System cùng công nghệ FuzionFit đảm bảo sự vừa vặn thoải mái khi mang giày có dây lẫn không dây.</span></p><p style=\"font-family: \"Roboto Condensed\"; color: rgb(0, 0, 0);\"><span style=\"font-size: 15px;\">Một mùa giải mới lại sắp sửa được khởi tranh. Và để chuẩn bị cho mùa giải mới này, PUMA đã chính thức cho ra mắt “Fastest Pack”. Đây là bộ sưu tập giày đá banh bao gồm hai silo mới nhất của hãng là Ultra Ultimate và Future Z .4.</span></p>', '2022-11-28 14:19:46', '2022-12-20 12:54:55', 0),
(35, 5, 'PUMA ULTRA ULTIMATE CAGE TF - 106893-01 - XANH MẠ NON', 2750000, 20, 2350000, 'assets/img/PUMA ULTRA ULTIMATE CAGE TF - 106893-01.PNG', '<p style=\"font-family: \"Roboto Condensed\"; color: rgb(0, 0, 0);\"><span style=\"font-size: 15px;\"><strong>PUMA ULTRA ULTIMATE CAGE TF - GIÀY ĐÁ BÓNG SÂN CỎ NHÂN TẠO</strong></span></p><p style=\"font-family: \"Roboto Condensed\"; color: rgb(0, 0, 0);\"><span style=\"font-size: 15px;\">Nâng cấp các trận đấu của bạn lên một tầm cao mới với thế hệ tiếp theo của dòng giày tốc độ thuộc nhà Báo. <strong>PUMA ULTRA ULTIMATE CAGE</strong> được thiết kế với những cải tiến đáng kể so với thế hệ trước, nhằm mang lại trải nghiệm tự tin và bùng nổ hơn cho người mang. </span></p>', '2022-11-28 14:14:47', '2022-12-21 11:58:28', 0),
(36, 5, 'PUMA ULTRA MATCH TF - 106903-01 - XANH MẠ NON', 2150000, 19, 2150000, 'assets/img/PUMA ULTRA MATCH TF - 106903-01.PNG', '<p style=\"font-family: \"Roboto Condensed\"; color: rgb(0, 0, 0);\"><span style=\"font-size: 15px;\"><strong>PUMA ULTRA MATCH TF - GIÀY ĐÁ BÓNG SÂN CỎ NHÂN TẠO</strong></span></p><p style=\"font-family: \"Roboto Condensed\"; color: rgb(0, 0, 0);\"><span style=\"font-size: 15px;\">Nâng cấp các trận đấu của bạn lên một tầm cao mới với thế hệ tiếp theo của dòng giày tốc độ thuộc nhà Báo. <strong>PUMA ULTRA MATCH TT</strong> được thiết kế với những cải tiến đáng kể so với thế hệ trước, nhằm mang lại trải nghiệm tự tin và bùng nổ hơn cho người mang. </span></p>', '2022-11-28 14:31:50', '2022-12-20 11:35:20', 0),
(37, 5, 'PUMA ULTRA 1.4 PRO CAGE TF - 106721-01 - XÁM/CAM', 2690000, 19, 2490000, 'assets/img/PUMA ULTRA 1.4 PRO CAGE TF - 106721-01.PNG', '<p style=\"font-family: \"Roboto Condensed\"; color: rgb(0, 0, 0);\"><span style=\"font-size: 15px;\"><strong>PUMA ULTRA 1.4 PRO CAGE TF - GIÀY ĐÁ BÓNG SÂN CỎ NHÂN TẠO</strong></span></p><p style=\"font-family: \"Roboto Condensed\"; color: rgb(0, 0, 0);\"><span style=\"font-size: 15px;\">Khi mùa giải đã bước tới giai đoạn cuối cùng thì cũng là lúc PUMA hoàn thành BST “Instinct\" dang dở của mình bằng việc ra mắt mẫu giày PUMA ULTRA trong phối màu “Diamond Silver/Neon Citrus” (Bạc/Cam). </span></p><p style=\"font-family: \"Roboto Condensed\"; color: rgb(0, 0, 0);\"><span style=\"font-size: 15px;\">Đôi giày có phần upper và mặt đế ngoài được trang trí với sắc bạc, phần cổ giày, lưỡi gà và logo Báo Đức thì trong sắc “Neon Citrus”, khá giống với “Flare\" Pack được ra mắt đầu năm nay của hãng. </span></p>', '2022-11-28 15:20:06', '2022-12-21 11:35:30', 0),
(38, 5, 'PUMA ULTRA 1.4 PRO CAGE TF - 106721-03 - TÍM/ĐEN', 2690000, 20, 2390000, 'assets/img/PUMA ULTRA 1.4 PRO CAGE TF - 106721-03.PNG', '<p style=\"font-family: \"Roboto Condensed\"; color: rgb(0, 0, 0);\"><span style=\"font-size: 15px;\"><strong>PUMA ULTRA 1.4 PRO CAGE TF - GIÀY ĐÁ BÓNG SÂN CỎ NHÂN TẠO</strong></span></p><p style=\"font-family: \"Roboto Condensed\"; color: rgb(0, 0, 0);\"><span style=\"font-size: 15px;\">PUMA đã chính thức trình làng “Flare” Pack để chuẩn bị cho một khởi đầu mới sau “Under the Lights\" Pack và bộ sưu tập này sẽ được các cầu thủ sử dụng xuyên suốt tháng 01 đến tháng 03 năm 2022. Có thể nhiều bạn sẽ nghĩ rằng bộ sưu tập với phối màu sặc sỡ này được lấy cảm hứng từ những cầu thủ với lối chơi hoa mỹ như Neymar hay Griezmann. </span></p><p style=\"font-family: \"Roboto Condensed\"; color: rgb(0, 0, 0);\"><span style=\"font-size: 15px;\">Nhưng sự thật là ngọn lửa (flare) ở đây lại liên quan đến những ngọn lửa được thắp lên bởi các fan, những gam màu rực rỡ mà họ có thể tạo ra, lấy cảm hứng từ bầu không khí cuồng nhiệt của những ngày hội bóng đá lớn nhất thế giới.</span></p>', '2022-11-28 15:47:25', '2022-12-21 11:57:29', 0),
(39, 5, 'PUMA FUTURE Z 3.3 TT - 106764-02 - TRẮNG/XANH', 2250000, 19, 2250000, 'assets/img/PUMA FUTURE Z 3.3 TT - 106764-02.PNG', '<p style=\"font-family: \"Roboto Condensed\"; color: rgb(0, 0, 0);\"><span style=\"font-size: 15px;\"><strong>PUMA FUTURE Z 3.3 TT - GIÀY ĐÁ BÓNG SÂN CỎ NHÂN TẠO</strong></span></p><p style=\"font-family: \"Roboto Condensed\"; color: rgb(0, 0, 0); text-align: justify;\"><span style=\"font-size: 15px;\">Tháng 3/2022, PUMA chính thức cho ra mắt thế hệ tiếp theo của <strong>Future Z</strong>, dòng giày hiện đang làm mưa làm gió trên khắp các mặt sân cỏ châu  Âu trong suốt hơn 1 năm qua. Với những cải tiến đáng kể về mặt thiết kế và công nghệ so với thế hệ trước, <strong>PUMA Future Z 3.3</strong> hứa hẹn sẽ mang đến những trải nghiệm chơi bóng đỉnh cao dành cho người chơi.</span></p>', '2022-11-29 03:18:11', '2022-12-20 12:23:56', 0),
(40, 5, 'PUMA FUTURE Z 1.2 PRO CAGE TF - 106498-02 - XANH LÁ/ĐEN', 2550000, 20, 2550000, 'assets/img/PUMA FUTURE Z 1.2 PRO CAGE TF - 106498-02.PNG', '<p><strong style=\"font-family: \"Roboto Condensed\"; color: rgb(0, 0, 0); font-size: 15px;\">PUMA FUTURE Z 1.2 PRO CAGE TF - GIÀY ĐÁ BÓNG SÂN CỎ NHÂN TẠO</strong><br></p>', '2022-11-29 03:24:12', '2022-12-20 11:47:20', 0),
(41, 5, 'PUMA ULTRA 1.3 PRO CAGE TF - 106516-02 - XANH LÁ/ĐEN', 2550000, 20, 2450000, 'assets/img/PUMA ULTRA 1.3 PRO CAGE TF - 106516-02.PNG', '<p style=\"font-family: \"Roboto Condensed\"; color: rgb(0, 0, 0);\"><span style=\"font-size: 15px;\"><strong>PUMA ULTRA 1.3 PRO CAGE TF - GIÀY ĐÁ BÓNG SÂN CỎ NHÂN TẠO</strong></span></p><p style=\"font-family: \"Roboto Condensed\"; color: rgb(0, 0, 0);\"><span style=\"font-size: 15px;\">Tháng 7/2020, PUMA chính thức ra mắt thế hệ tiếp theo của dòng giày đá bóng Ultra được yêu thích nhất nhà Báo. Được mệnh danh là mẫu giày đá bóng nhẹ nhất mà bạn có thể tìm thấy trên thị trường, <strong>PUMA Ultra 1.3 PRO CAGE TF </strong>đã có những cải tiến đáng kể so với người tiền nhiệm để mang lại những trải nghiệm chơi bóng tốt nhất cho người mang, đặc biệt đối với những ai đam mê tốc độ.  </span></p>', '2022-11-29 03:56:14', '2022-12-21 11:18:31', 0),
(42, 5, 'PUMA FUTURE Z 3.2 TF - 106490-02 - XANH NGỌC', 2090000, 20, 2090000, 'assets/img/PUMA FUTURE Z 3.2 TF - 106490-02.PNG', '<p style=\"font-family: \"Roboto Condensed\"; color: rgb(0, 0, 0);\"><span style=\"font-size: 15px;\"><strong>PUMA FUTURE Z 3.2 TT - GIÀY ĐÁ BÓNG SÂN CỎ NHÂN TẠO</strong></span></p><p style=\"font-family: \"Roboto Condensed\"; color: rgb(0, 0, 0);\"><span style=\"font-size: 15px;\">Champion League đã chính thức quay trở lại sau khoảng thời gian tạm dừng nhường chỗ cho đợt tập trung tuyển quốc gia. Và không để người hâm mộ phải chờ lâu hơn nữa khi  PUMA đã trình làng Under the Lights Pack, bộ sưu tập bao gồm 2 mẫu giày Puma Future Z và Puma Ultra trong các gam màu sáng cực kỳ bắt mắt. </span></p><p style=\"font-family: \"Roboto Condensed\"; color: rgb(0, 0, 0);\"><span style=\"font-size: 15px;\">Đây là một phối màu có thể nói là vừa lạ mà vừa quen, nhưng chắc chắn sẽ chiếm được không ít cảm tình từ phía các fan và cầu thủ tại sân chơi cấp câu lạc bộ lớn nhất châu lục. Mặc dù bộ sưu tập lần này có thể được lấy cảm hứng từ UCL, nhưng điều này sẽ không ngăn các cầu thủ tại mọi giải đấu mang trên chân pack giày độc đáo này.</span></p>', '2022-11-29 03:40:16', '2022-12-20 12:03:57', 0),
(43, 5, 'PUMA ULTRA 3.3 TT - 106527-03 - XANH LÁ MẠ', 1890000, 20, 1890000, 'assets/img/PUMA ULTRA 3.3 TT - 106527-03.PNG', '<p style=\"font-family: \"Roboto Condensed\"; color: rgb(0, 0, 0);\"><span style=\"font-size: 15px;\"><strong>PUMA ULTRA 3.3 TT - GIÀY ĐÁ BÓNG SÂN CỎ NHÂN TẠO</strong></span></p><p style=\"font-family: \"Roboto Condensed\"; color: rgb(0, 0, 0);\"><span style=\"font-size: 15px;\">Champion League đã chính thức quay trở lại sau khoảng thời gian tạm dừng nhường chỗ cho đợt tập trung tuyển quốc gia. Và không để người hâm mộ phải chờ lâu hơn nữa khi  PUMA đã trình làng Under the Lights Pack, bộ sưu tập bao gồm 2 mẫu giày Puma Future Z và Puma Ultra trong các gam màu sáng cực kỳ bắt mắt. </span></p><p style=\"font-family: \"Roboto Condensed\"; color: rgb(0, 0, 0);\"><span style=\"font-size: 15px;\">Đây là một phối màu có thể nói là vừa lạ mà vừa quen, nhưng chắc chắn sẽ chiếm được không ít cảm tình từ phía các fan và cầu thủ tại sân chơi cấp câu lạc bộ lớn nhất châu lục. Mặc dù bộ sưu tập lần này có thể được lấy cảm hứng từ UCL, nhưng điều này sẽ không ngăn các cầu thủ tại mọi giải đấu mang trên chân pack giày độc đáo này.</span></p>', '2022-11-29 03:45:17', '2022-12-20 12:15:57', 0),
(44, 6, 'MIZUNO MORELIA NEO III PRO AS - P1GD228409 - TRẮNG/XÁM', 2745000, 19, 2645000, 'assets/img/MIZUNO MORELIA NEO III PRO AS - P1GD228409.PNG', '<p style=\"font-family: \"Roboto Condensed\"; color: rgb(0, 0, 0);\"><span style=\"font-size: 15px;\"><strong>MIZUNO MORELIA NEO III - GIÀY ĐÁ BÓNG SÂN CỎ NHÂN TẠO</strong></span></p><p style=\"font-family: \"Roboto Condensed\"; color: rgb(0, 0, 0);\"><span style=\"font-size: 15px;\">Morelia là dòng giày đã được ra mắt từ năm 1985 với thiết kế truyền thống mang tính chuẩn mực cho một đôi giày bóng đá. Trải qua gần 40 năm, những mẫu Morelia mới nhất vẫn giữ những nét truyền thống đó pha lẫn với những chi tiết hiện đại tạo nên một đôi giày tinh tế phù hợp với nhiều cầu thủ.</span></p>', '2022-11-29 03:46:20', '2022-12-21 11:36:37', 0),
(45, 6, 'MIZUNO MORELIA NEO III PRO AS - P1GD228460 - ĐỎ/TRẮNG', 2745000, 18, 2545000, 'assets/img/MIZUNO MORELIA NEO III PRO AS - P1GD228460.PNG', '<p style=\"font-family: \"Roboto Condensed\"; color: rgb(0, 0, 0);\"><span style=\"font-size: 15px;\"><strong>MIZUNO MORELIA NEO III - GIÀY ĐÁ BÓNG SÂN CỎ NHÂN TẠO</strong></span></p><p style=\"font-family: \"Roboto Condensed\"; color: rgb(0, 0, 0);\"><span style=\"font-size: 15px;\">Morelia là dòng giày đã được ra mắt từ năm 1985 với thiết kế truyền thống mang tính chuẩn mực cho một đôi giày bóng đá. Trải qua gần 40 năm, những mẫu Morelia mới nhất vẫn giữ những nét truyền thống đó pha lẫn với những chi tiết hiện đại tạo nên một đôi giày tinh tế phù hợp với nhiều cầu thủ.</span></p>', '2022-11-29 03:00:22', '2022-12-21 11:18:37', 0),
(46, 6, 'MIZUNO MORELIA NEO III PRO AS TF - P1GD228446 - TRẰNG/ĐEN', 3050000, 19, 2650000, 'assets/img/MIZUNO MORELIA NEO III PRO AS TF - P1GD228446.PNG', '<p style=\"font-family: \"Roboto Condensed\"; color: rgb(0, 0, 0);\"><span style=\"font-size: 15px;\"><strong>MIZUNO MORELIA NEO III - GIÀY ĐÁ BÓNG SÂN CỎ NHÂN TẠO</strong></span></p><p style=\"font-family: \"Roboto Condensed\"; color: rgb(0, 0, 0);\"><span style=\"font-size: 15px;\">Morelia là dòng giày đã được ra mắt từ năm 1985 với thiết kế truyền thống mang tính chuẩn mực cho một đôi giày bóng đá. Trải qua gần 40 năm, những mẫu Morelia mới nhất vẫn giữ những nét truyền thống đó pha lẫn với những chi tiết hiện đại tạo nên một đôi giày tinh tế phù hợp với nhiều cầu thủ.</span></p>', '2022-11-29 03:58:22', '2022-12-21 11:39:35', 0),
(47, 6, 'MIZUNO MORELIA NEO III PRO AS TF - P1GD228401 - VÀNG/ĐEN', 3050000, 20, 2550000, 'assets/img/MIZUNO MORELIA NEO III PRO AS TF - P1GD228401.PNG', '<p style=\"font-family: \"Roboto Condensed\"; color: rgb(0, 0, 0);\"><span style=\"font-size: 15px;\"><strong>MIZUNO MORELIA NEO III - GIÀY ĐÁ BÓNG SÂN CỎ NHÂN TẠO</strong></span></p><p style=\"font-family: \"Roboto Condensed\"; color: rgb(0, 0, 0);\"><span style=\"font-size: 15px;\">Morelia là dòng giày đã được ra mắt từ năm 1985 với thiết kế truyền thống mang tính chuẩn mực cho một đôi giày bóng đá. Trải qua gần 40 năm, những mẫu Morelia mới nhất vẫn giữ những nét truyền thống đó pha lẫn với những chi tiết hiện đại tạo nên một đôi giày tinh tế phù hợp với nhiều cầu thủ.</span></p>', '2022-11-29 03:28:24', '2022-12-21 11:05:35', 0),
(48, 6, 'MIZUNO MORELIA NEO III PRO AS TF - P1GD228499 - ĐEN/XÁM', 2745000, 20, 2745000, 'assets/img/MIZUNO MORELIA NEO III PRO AS TF - P1GD228499.PNG', '<p style=\"font-family: \"Roboto Condensed\"; color: rgb(0, 0, 0);\"><span style=\"font-size: 15px;\"><strong>MIZUNO MORELIA NEO III - GIÀY ĐÁ BÓNG SÂN CỎ NHÂN TẠO</strong></span></p><p style=\"font-family: \"Roboto Condensed\"; color: rgb(0, 0, 0);\"><span style=\"font-size: 15px;\">Morelia là dòng giày đã được ra mắt từ năm 1985 với thiết kế truyền thống mang tính chuẩn mực cho một đôi giày bóng đá. Trải qua gần 40 năm, những mẫu Morelia mới nhất vẫn giữ những nét truyền thống đó pha lẫn với những chi tiết hiện đại tạo nên một đôi giày tinh tế phù hợp với nhiều cầu thủ.</span></p>', '2022-11-29 03:11:27', '2022-12-20 11:11:21', 0);
INSERT INTO `product` (`id`, `category_id`, `title`, `price`, `quantity`, `discount`, `thumbnail`, `description`, `created_at`, `updated_at`, `deleted`) VALUES
(49, 6, 'MIZUNO MORELIA SALA ELITE TF - Q1GB221060 - ĐỎ/TRẮNG', 3231000, 19, 2631000, 'assets/img/MIZUNO MORELIA SALA ELITE TF - Q1GB221060.PNG', '<p style=\"font-family: \"Roboto Condensed\"; color: rgb(0, 0, 0);\"><span style=\"font-size: 15px;\"><strong>MIZUNO MORELIA SALA ELITE TF - GIÀY ĐÁ BÓNG SÂN CỎ NHÂN TẠO</strong></span></p><p style=\"font-family: \"Roboto Condensed\"; color: rgb(0, 0, 0);\"><span style=\"font-size: 15px;\">Với upper da Kangaroo mềm mại, bộ đệm giảm chấn êm ái cùng form giày bè nhiều phù hợp với form chân người Việt Nam, Mizuno Morelia Sala Elite TF sẽ là mẫu giày “chân ái” dành cho nhiều anh em.</span></p>', '2022-11-29 03:11:28', '2022-12-21 11:08:33', 0),
(50, 6, 'MIZUNO REBULA CUP SELECT AS - P1GD217514 - XANH NAVY', 1850000, 20, 1850000, 'assets/img/MIZUNO REBULA CUP SELECT AS - P1GD217514.PNG', '<p style=\"font-family: \"Roboto Condensed\"; color: rgb(0, 0, 0);\"><span style=\"font-size: 15px;\"><strong>MIZUNO REBULA CUP SELECT AS - GIÀY ĐÁ BÓNG SÂN CỎ NHÂN TẠO</strong></span></p><p style=\"font-family: \"Roboto Condensed\"; color: rgb(0, 0, 0);\"><span style=\"font-size: 15px;\">Giày đá banh Mizuno Rebula Cup Select AS là mẫu giày đá bóng sân cỏ nhân tạo mới nhất vừa được Mizuno cho ra mắt vào tháng 06/2021. Đây là mẫu giày được cải tiến dựa trên dòng Rebula với nhiều ưu điểm vượt tội so với đàn anh đi trước. </span></p>', '2022-11-29 03:32:29', '2022-12-20 12:06:58', 0),
(51, 6, 'MIZUNO MONARCIDA NEO II SELECT AS TF - P1GD222599 - ĐEN', 1399000, 20, 1399000, 'assets/img/MIZUNO MONARCIDA NEO II SELECT AS TF - P1GD222599.PNG', '<p style=\"font-family: \"Roboto Condensed\"; color: rgb(0, 0, 0);\"><span style=\"font-size: 15px;\"><strong>MIZUNO MONARCIDA NEO II SELECT TF - GIÀY ĐÁ BÓNG SÂN CỎ NHÂN TẠO</strong></span></p><p style=\"font-family: \"Roboto Condensed\"; color: rgb(0, 0, 0);\"><span style=\"font-size: 15px;\">Là thế hệ thứ 2 của dòng sản phẩm Mizuno Monarcida Neo với cải tiến lớn nhất đến từ chất liệu da của upper. Ở phiên bản này chất liệu da được nâng cấp mềm hơn. Nhờ đó mà trọng lượng giày cũng được gia giảm. Bề mặt giày là các đường chỉ được khâu cẩn thận, chắc chắn, tỉ mỉ và đan chéo nhau giúp kiểm soát bóng chính xác và vượt trội hơn, đem lại độ bền cao.</span></p><p style=\"font-family: \"Roboto Condensed\"; color: rgb(0, 0, 0);\"><span style=\"font-size: 15px;\">Lưỡi gà được thiết kế mềm mỏng, êm ái cùng dây giầy mềm mại, cao cấp dễ xỏ, dễ di chuyển và mang lại cảm giác cực kì thật chân cho những pha úp bóng bằng mu bàn chân của bạn.</span></p><p style=\"font-family: \"Roboto Condensed\"; color: rgb(0, 0, 0);\"><span style=\"font-size: 15px;\">Gót giày có thiết kế nhỏ nhắn, hơi vuốt cao ôm lấy đôi chân bạn, cho bạn thi đấu thoải mái mà không lo giày bị tuột và đem lại cho bạn những bước đi uyển chuyển nhất.</span></p><p style=\"font-family: \"Roboto Condensed\"; color: rgb(0, 0, 0);\"><span style=\"font-size: 15px;\">Phần lót giày là xốp làm tăng độ êm ái cho bạn khi mang giày. Đế giày làm bằng cao su mềm, dẻo và sử dụng đinh TF chuyên dụng cho sân cỏ nhân tạo.</span></p><p style=\"font-family: \"Roboto Condensed\"; color: rgb(0, 0, 0);\"><span style=\"font-size: 15px;\">Giày phù hợp với nhiều Form chân khác nhau.</span></p>', '2022-11-29 03:37:30', '2022-12-20 12:19:58', 0),
(52, 6, 'MIZUNO MORELIA II CLUB AS TF - P1GD221609 - TRẮNG/ ĐEN', 1790000, 20, 1790000, 'assets/img/MIZUNO MORELIA II CLUB AS TF - P1GD221609.PNG', '<p style=\"font-family: \"Roboto Condensed\"; color: rgb(0, 0, 0);\"><strong><span style=\"font-size: 15px;\">MIZUNO MORELIA II CLUB AS TF - GIÀY ĐÁ BANH CHÍNH HÃNG</span></strong></p><p style=\"font-family: \"Roboto Condensed\"; color: rgb(0, 0, 0);\"><span style=\"font-size: 15px;\">Morelia là dòng giày đã được ra mắt từ năm 1985 với thiết kế truyền thống mang tính chuẩn mực cho một đôi giày bóng đá. Trải qua gần 40 năm, những mẫu Morelia mới nhất vẫn giữ những nét truyền thống đó kết hợp với những chi tiết hiện đại tạo nên một đôi giày tinh tế phù hợp với nhiều cầu thủ.</span></p>', '2022-11-29 03:46:31', '2022-12-20 12:32:58', 0),
(53, 6, 'MIZUNO REBULA CUP SELECT AS - P1GD227509 - XÁM BẠC', 1850000, 20, 1850000, 'assets/img/MIZUNO REBULA CUP SELECT AS - P1GD227509.PNG', '<p style=\"font-family: \"Roboto Condensed\"; color: rgb(0, 0, 0);\"><span style=\"font-size: 15px;\"><strong>MIZUNO REBULA CUP SELECT AS - GIÀY ĐÁ BÓNG SÂN CỎ NHÂN TẠO</strong></span></p><p style=\"font-family: \"Roboto Condensed\"; color: rgb(0, 0, 0);\"><span style=\"font-size: 15px;\">Giày đá banh Mizuno Rebula Cup Select AS là mẫu giày đá bóng sân cỏ nhân tạo mới nhất vừa được Mizuno cho ra mắt vào tháng 06/2021. Đây là mẫu giày được cải tiến dựa trên dòng Rebula với nhiều ưu điểm vượt tội so với đàn anh đi trước. </span></p>', '2022-11-29 03:27:34', '2022-12-20 11:34:21', 0),
(54, 6, 'MIZUNO MONARCIDA NEO II SELECT AS TF - P1GD210550 - VÀNG ĐỒNG', 1399000, 20, 1399000, 'assets/img/MIZUNO MONARCIDA NEO II SELECT AS TF - P1GD210550.PNG', '<p style=\"font-family: \"Roboto Condensed\"; color: rgb(0, 0, 0);\"><span style=\"font-size: 15px;\"><strong>MIZUNO MONARCIDA NEO II SELECT TF - GIÀY ĐÁ BÓNG SÂN CỎ NHÂN TẠO</strong></span></p><p style=\"font-family: \"Roboto Condensed\"; color: rgb(0, 0, 0);\"><span style=\"font-size: 15px;\">Là thế hệ thứ 2 của dòng sản phẩm Mizuno Monarcida Neo với cải tiến lớn nhất đến từ chất liệu da của upper. Ở phiên bản này chất liệu da được nâng cấp mềm hơn. Nhờ đó mà trọng lượng giày cũng được gia giảm. Bề mặt giày là các đường chỉ được khâu cẩn thận, chắc chắn, tỉ mỉ và đan chéo nhau giúp kiểm soát bóng chính xác và vượt trội hơn, đem lại độ bền cao.</span></p><p style=\"font-family: \"Roboto Condensed\"; color: rgb(0, 0, 0);\"><span style=\"font-size: 15px;\">Lưỡi gà được thiết kế mềm mỏng, êm ái cùng dây giầy mềm mại, cao cấp dễ xỏ, dễ di chuyển và mang lại cảm giác cực kì thật chân cho những pha úp bóng bằng mu bàn chân của bạn.</span></p><p style=\"font-family: \"Roboto Condensed\"; color: rgb(0, 0, 0);\"><span style=\"font-size: 15px;\">Gót giày có thiết kế nhỏ nhắn, hơi vuốt cao ôm lấy đôi chân bạn, cho bạn thi đấu thoải mái mà không lo giày bị tuột và đem lại cho bạn những bước đi uyển chuyển nhất.</span></p><p style=\"font-family: \"Roboto Condensed\"; color: rgb(0, 0, 0);\"><span style=\"font-size: 15px;\">Phần lót giày là xốp làm tăng độ êm ái cho bạn khi mang giày. Đế giày làm bằng cao su mềm, dẻo và sử dụng đinh TF chuyên dụng cho sân cỏ nhân tạo.</span></p>', '2022-11-29 03:18:35', '2022-12-20 12:48:58', 0),
(55, 6, 'MIZUNO MORELIA NEO III PRO AS TF - P1GD228403 - ĐEN/TRẮNG', 2745000, 20, 2445000, 'assets/img/MIZUNO MORELIA NEO III PRO AS TF - P1GD228403.PNG', '<p style=\"font-family: \"Roboto Condensed\"; color: rgb(0, 0, 0);\"><span style=\"font-size: 15px;\"><strong>MIZUNO MORELIA NEO III - GIÀY ĐÁ BÓNG SÂN CỎ NHÂN TẠO</strong></span></p><p style=\"font-family: \"Roboto Condensed\"; color: rgb(0, 0, 0);\"><span style=\"font-size: 15px;\">Morelia là dòng giày đã được ra mắt từ năm 1985 với thiết kế truyền thống mang tính chuẩn mực cho một đôi giày bóng đá. Trải qua gần 40 năm, những mẫu Morelia mới nhất vẫn giữ những nét truyền thống đó pha lẫn với những chi tiết hiện đại tạo nên một đôi giày tinh tế phù hợp với nhiều cầu thủ.</span></p>', '2022-11-29 03:20:36', '2022-12-21 11:51:36', 0),
(56, 7, 'ASICS CALCETTO WD 8 TF - 1113A008-751 - VÀNG CHANH', 1690000, 13, 1690000, 'assets/img/ASICS CALCETTO WD 8 TF - 1113A008-751.PNG', '<p><strong style=\"font-family: \"Roboto Condensed\"; color: rgb(0, 0, 0); font-size: 15px;\">ASICS CALCETTO WD 8 TF - GIÀY ĐÁ BÓNG SÂN CỎ NHÂN TẠO</strong><br></p>', '2022-11-29 03:28:37', '2022-12-20 11:45:21', 0),
(57, 7, 'ASICS CALCETTO WD 8 TF - 1113A008-114 - TRẮNG/VÀNG', 1690000, 17, 1690000, 'assets/img/ASICS CALCETTO WD 8 TF - 1113A008-114.PNG', '<p style=\"font-family: \"Roboto Condensed\"; color: rgb(0, 0, 0);\"><span style=\"font-size: 15px;\"><strong>ASICS CALCETTO WD 8 TF - GIÀY ĐÁ BÓNG SÂN CỎ NHÂN TẠO</strong></span></p><p style=\"font-family: \"Roboto Condensed\"; color: rgb(0, 0, 0);\"><span style=\"font-size: 15px;\">Các sản phẩm giày đá banh Asics từ lâu đã được ưa chuộng bởi những anh em chơi bóng đá phong trào trên toàn quốc do form giày phù hợp với form chân người Việt Nam mà chúng mang đến, đặc biệt là cho những người có <strong>form chân từ bè vừa đến bè nhiều. </strong></span></p>', '2022-11-29 03:16:38', '2022-12-20 11:55:21', 0),
(58, 8, 'KAMITO CỎ NHÂN TẠO TA11 AS - KMA221027 - XANH/TRẮNG', 690000, 17, 690000, 'assets/img/KAMITO CỎ NHÂN TẠO TA11 AS - KMA221027.PNG', '<p style=\"font-family: \"Roboto Condensed\"; color: rgb(0, 0, 0);\"><span style=\"font-size: 15px;\"><strong>GIÀY ĐÁ BÓNG SÂN CỎ NHÂN TẠO TUẤN ANH KAMITO TA11-AS</strong></span></p><p style=\"font-family: \"Roboto Condensed\"; color: rgb(0, 0, 0);\"><span style=\"font-size: 15px;\">Để vinh danh cũng như ghi nhận những đóng góp của cầu thủ Nguyễn Tuấn Anh, KAMITO đã cho ra mắt “TA11” – mẫu giày bóng đá được đặt theo tên và số áo của Tuấn Anh với rất nhiều điểm đặc biệt và thú vị: </span></p><p style=\"font-family: \"Roboto Condensed\"; color: rgb(0, 0, 0);\"><span style=\"font-size: 15px;\">- Đây là mẫu giày được thiết kế với sự góp ý của chính Tuấn Anh nhằm mang lại hiệu suất thi đấu cao nhất. Các họa tiết trên giày cũng được thiết kế đặc biệt mang đậm dấu ấn của Tuấn Anh, đặc biệt là các vân kim cương nổi tạo điểm nhấn trong tổng thể thiết kế. </span></p><p style=\"font-family: \"Roboto Condensed\"; color: rgb(0, 0, 0);\"><span style=\"font-size: 15px;\">- Với 5 màu sắc vô cùng nổi bật và cá tính, TA11 sẽ phù hợp với tất cả người dùng ở mọi lứa tuổi </span></p><p style=\"font-family: \"Roboto Condensed\"; color: rgb(0, 0, 0);\"><span style=\"font-size: 15px;\">- Không ngừng đổi mới và mong muốn nâng tầm trải nghiệm của người dùng, TA11 được áp dụng những công nghệ tốt nhất của KAMITO: </span></p><ul style=\"font-family: \"Roboto Condensed\"; color: rgb(0, 0, 0);\"><li><p style=\"font-size: 1rem;\"><span style=\"font-size: 15px;\"> Lớp da KA-FIBER ULTRA siêu mềm, tạo cảm giác như đi chân trần và với lớp da mới này, độ bền cũng đã được nâng cấp lên một tầm cao mới.</span></p></li><li><p style=\"font-size: 1rem;\"><span style=\"font-size: 15px;\"> Thiết kế đặc biệt với những vân kim cương nổi trên thân giày, vừa tạo tính thẩm mỹ vừa hỗ trợ kiểm soát bóng tối ưu. </span></p></li><li><p style=\"font-size: 1rem;\"><span style=\"font-size: 15px;\">Bộ đế giày áp dụng công nghệ KA-SPIN với dàn đinh dăm được sắp xếp khoa học, giúp bám sân hiệu quả ngay cả khi trời mưa sân trơn bóng ướt.</span></p></li><li><p style=\"font-size: 1rem;\"><span style=\"font-size: 15px;\"> Đặc biệt, lớp đệm giảm chấn cực êm ái KA-COMFORT lần đầu tiên xuất hiện ở một đôi giày phân khúc tầm trung sẽ mang lại một trải nghiệm tuyệt vời giúp các cầu thủ luôn cảm thấy thoải mái và êm ái trong suốt quá trình thi đấu. Bên cạnh đó, lớp đệm êm này cũng sẽ giảm áp lực lên đầu gối và cột sống qua đó giảm thiểu những chấn thương không đáng có. </span></p></li><li><p style=\"font-size: 1rem;\"><span style=\"font-size: 15px;\">Form giày áp dụng chuẩn KA-FIT, ôm sát và phù hợp với bàn chân người Việt.</span></p></li></ul>', '2022-11-29 03:53:39', '2022-12-20 11:04:22', 0),
(59, 8, 'KAMITO CỎ NHÂN TẠO TA11 AS - KMA221013 - ĐỎ/TRẮNG', 690000, 19, 690000, 'assets/img/KAMITO CỎ NHÂN TẠO TA11 AS - KMA221013.PNG', '<p style=\"font-family: \"Roboto Condensed\"; color: rgb(0, 0, 0);\"><span style=\"font-size: 15px;\"><strong>GIÀY ĐÁ BÓNG SÂN CỎ NHÂN TẠO TUẤN ANH KAMITO TA11-AS</strong></span></p><p style=\"font-family: \"Roboto Condensed\"; color: rgb(0, 0, 0);\"><span style=\"font-size: 15px;\">Để vinh danh cũng như ghi nhận những đóng góp của cầu thủ Nguyễn Tuấn Anh, KAMITO đã cho ra mắt “TA11” – mẫu giày bóng đá được đặt theo tên và số áo của Tuấn Anh với rất nhiều điểm đặc biệt và thú vị: </span></p><p style=\"font-family: \"Roboto Condensed\"; color: rgb(0, 0, 0);\"><span style=\"font-size: 15px;\">- Đây là mẫu giày được thiết kế với sự góp ý của chính Tuấn Anh nhằm mang lại hiệu suất thi đấu cao nhất. Các họa tiết trên giày cũng được thiết kế đặc biệt mang đậm dấu ấn của Tuấn Anh, đặc biệt là các vân kim cương nổi tạo điểm nhấn trong tổng thể thiết kế. </span></p><p style=\"font-family: \"Roboto Condensed\"; color: rgb(0, 0, 0);\"><span style=\"font-size: 15px;\">- Với 5 màu sắc vô cùng nổi bật và cá tính, TA11 sẽ phù hợp với tất cả người dùng ở mọi lứa tuổi </span></p><p style=\"font-family: \"Roboto Condensed\"; color: rgb(0, 0, 0);\"><span style=\"font-size: 15px;\">- Không ngừng đổi mới và mong muốn nâng tầm trải nghiệm của người dùng, TA11 được áp dụng những công nghệ tốt nhất của KAMITO: </span></p><ul style=\"font-family: \"Roboto Condensed\"; color: rgb(0, 0, 0);\"><li><p style=\"font-size: 1rem;\"><span style=\"font-size: 15px;\"> Lớp da KA-FIBER ULTRA siêu mềm, tạo cảm giác như đi chân trần và với lớp da mới này, độ bền cũng đã được nâng cấp lên một tầm cao mới.</span></p></li><li><p style=\"font-size: 1rem;\"><span style=\"font-size: 15px;\"> Thiết kế đặc biệt với những vân kim cương nổi trên thân giày, vừa tạo tính thẩm mỹ vừa hỗ trợ kiểm soát bóng tối ưu. </span></p></li><li><p style=\"font-size: 1rem;\"><span style=\"font-size: 15px;\">Bộ đế giày áp dụng công nghệ KA-SPIN với dàn đinh dăm được sắp xếp khoa học, giúp bám sân hiệu quả ngay cả khi trời mưa sân trơn bóng ướt.</span></p></li><li><p style=\"font-size: 1rem;\"><span style=\"font-size: 15px;\"> Đặc biệt, lớp đệm giảm chấn cực êm ái KA-COMFORT lần đầu tiên xuất hiện ở một đôi giày phân khúc tầm trung sẽ mang lại một trải nghiệm tuyệt vời giúp các cầu thủ luôn cảm thấy thoải mái và êm ái trong suốt quá trình thi đấu. Bên cạnh đó, lớp đệm êm này cũng sẽ giảm áp lực lên đầu gối và cột sống qua đó giảm thiểu những chấn thương không đáng có. </span></p></li><li><p style=\"font-size: 1rem;\"><span style=\"font-size: 15px;\">Form giày áp dụng chuẩn KA-FIT, ôm sát và phù hợp với bàn chân người Việt.</span></p></li></ul>', '2022-11-29 03:50:40', '2022-12-20 11:14:22', 0),
(60, 8, 'KAMITO CỎ NHÂN TẠO TA11 AS - KMA221052 - TRẮNG/VÀNG/ĐỎ', 690000, 20, 690000, 'assets/img/KAMITO CỎ NHÂN TẠO TA11 AS - KMA221052.PNG', '<p style=\"font-family: \"Roboto Condensed\"; color: rgb(0, 0, 0);\"><span style=\"font-size: 15px;\"><strong>GIÀY ĐÁ BÓNG SÂN CỎ NHÂN TẠO TUẤN ANH KAMITO TA11-AS</strong></span></p><p style=\"font-family: \"Roboto Condensed\"; color: rgb(0, 0, 0);\"><span style=\"font-size: 15px;\">Để vinh danh cũng như ghi nhận những đóng góp của cầu thủ Nguyễn Tuấn Anh, KAMITO đã cho ra mắt “TA11” – mẫu giày bóng đá được đặt theo tên và số áo của Tuấn Anh với rất nhiều điểm đặc biệt và thú vị: </span></p><p style=\"font-family: \"Roboto Condensed\"; color: rgb(0, 0, 0);\"><span style=\"font-size: 15px;\">- Đây là mẫu giày được thiết kế với sự góp ý của chính Tuấn Anh nhằm mang lại hiệu suất thi đấu cao nhất. Các họa tiết trên giày cũng được thiết kế đặc biệt mang đậm dấu ấn của Tuấn Anh, đặc biệt là các vân kim cương nổi tạo điểm nhấn trong tổng thể thiết kế. </span></p><p style=\"font-family: \"Roboto Condensed\"; color: rgb(0, 0, 0);\"><span style=\"font-size: 15px;\">- Với 5 màu sắc vô cùng nổi bật và cá tính, TA11 sẽ phù hợp với tất cả người dùng ở mọi lứa tuổi </span></p><p style=\"font-family: \"Roboto Condensed\"; color: rgb(0, 0, 0);\"><span style=\"font-size: 15px;\">- Không ngừng đổi mới và mong muốn nâng tầm trải nghiệm của người dùng, TA11 được áp dụng những công nghệ tốt nhất của KAMITO: </span></p><ul style=\"font-family: \"Roboto Condensed\"; color: rgb(0, 0, 0);\"><li><p style=\"font-size: 1rem;\"><span style=\"font-size: 15px;\"> Lớp da KA-FIBER ULTRA siêu mềm, tạo cảm giác như đi chân trần và với lớp da mới này, độ bền cũng đã được nâng cấp lên một tầm cao mới.</span></p></li><li><p style=\"font-size: 1rem;\"><span style=\"font-size: 15px;\"> Thiết kế đặc biệt với những vân kim cương nổi trên thân giày, vừa tạo tính thẩm mỹ vừa hỗ trợ kiểm soát bóng tối ưu. </span></p></li><li><p style=\"font-size: 1rem;\"><span style=\"font-size: 15px;\">Bộ đế giày áp dụng công nghệ KA-SPIN với dàn đinh dăm được sắp xếp khoa học, giúp bám sân hiệu quả ngay cả khi trời mưa sân trơn bóng ướt.</span></p></li><li><p style=\"font-size: 1rem;\"><span style=\"font-size: 15px;\"> Đặc biệt, lớp đệm giảm chấn cực êm ái KA-COMFORT lần đầu tiên xuất hiện ở một đôi giày phân khúc tầm trung sẽ mang lại một trải nghiệm tuyệt vời giúp các cầu thủ luôn cảm thấy thoải mái và êm ái trong suốt quá trình thi đấu. Bên cạnh đó, lớp đệm êm này cũng sẽ giảm áp lực lên đầu gối và cột sống qua đó giảm thiểu những chấn thương không đáng có. </span></p></li><li><p style=\"font-size: 1rem;\"><span style=\"font-size: 15px;\">Form giày áp dụng chuẩn KA-FIT, ôm sát và phù hợp với bàn chân người Việt.</span></p></li></ul>', '2022-11-29 03:42:41', '2022-12-20 11:23:22', 0),
(61, 8, 'KAMITO CỎ NHÂN TẠO TA11 AS - KMA221046 - ĐEN/XANH NGỌC', 690000, 18, 690000, 'assets/img/KAMITO CỎ NHÂN TẠO TA11 AS - KMA221046.PNG', '<p style=\"font-family: \"Roboto Condensed\"; color: rgb(0, 0, 0);\"><span style=\"font-size: 15px;\"><strong>GIÀY ĐÁ BÓNG SÂN CỎ NHÂN TẠO TUẤN ANH KAMITO TA11-AS</strong></span></p><p style=\"font-family: \"Roboto Condensed\"; color: rgb(0, 0, 0);\"><span style=\"font-size: 15px;\">Để vinh danh cũng như ghi nhận những đóng góp của cầu thủ Nguyễn Tuấn Anh, KAMITO đã cho ra mắt “TA11” – mẫu giày bóng đá được đặt theo tên và số áo của Tuấn Anh với rất nhiều điểm đặc biệt và thú vị: </span></p><p style=\"font-family: \"Roboto Condensed\"; color: rgb(0, 0, 0);\"><span style=\"font-size: 15px;\">- Đây là mẫu giày được thiết kế với sự góp ý của chính Tuấn Anh nhằm mang lại hiệu suất thi đấu cao nhất. Các họa tiết trên giày cũng được thiết kế đặc biệt mang đậm dấu ấn của Tuấn Anh, đặc biệt là các vân kim cương nổi tạo điểm nhấn trong tổng thể thiết kế. </span></p><p style=\"font-family: \"Roboto Condensed\"; color: rgb(0, 0, 0);\"><span style=\"font-size: 15px;\">- Với 5 màu sắc vô cùng nổi bật và cá tính, TA11 sẽ phù hợp với tất cả người dùng ở mọi lứa tuổi </span></p><p style=\"font-family: \"Roboto Condensed\"; color: rgb(0, 0, 0);\"><span style=\"font-size: 15px;\">- Không ngừng đổi mới và mong muốn nâng tầm trải nghiệm của người dùng, TA11 được áp dụng những công nghệ tốt nhất của KAMITO: </span></p><ul style=\"font-family: \"Roboto Condensed\"; color: rgb(0, 0, 0);\"><li><p style=\"font-size: 1rem;\"><span style=\"font-size: 15px;\"> Lớp da KA-FIBER ULTRA siêu mềm, tạo cảm giác như đi chân trần và với lớp da mới này, độ bền cũng đã được nâng cấp lên một tầm cao mới.</span></p></li><li><p style=\"font-size: 1rem;\"><span style=\"font-size: 15px;\"> Thiết kế đặc biệt với những vân kim cương nổi trên thân giày, vừa tạo tính thẩm mỹ vừa hỗ trợ kiểm soát bóng tối ưu. </span></p></li><li><p style=\"font-size: 1rem;\"><span style=\"font-size: 15px;\">Bộ đế giày áp dụng công nghệ KA-SPIN với dàn đinh dăm được sắp xếp khoa học, giúp bám sân hiệu quả ngay cả khi trời mưa sân trơn bóng ướt.</span></p></li><li><p style=\"font-size: 1rem;\"><span style=\"font-size: 15px;\"> Đặc biệt, lớp đệm giảm chấn cực êm ái KA-COMFORT lần đầu tiên xuất hiện ở một đôi giày phân khúc tầm trung sẽ mang lại một trải nghiệm tuyệt vời giúp các cầu thủ luôn cảm thấy thoải mái và êm ái trong suốt quá trình thi đấu. Bên cạnh đó, lớp đệm êm này cũng sẽ giảm áp lực lên đầu gối và cột sống qua đó giảm thiểu những chấn thương không đáng có. </span></p></li><li><p style=\"font-size: 1rem;\"><span style=\"font-size: 15px;\">Form giày áp dụng chuẩn KA-FIT, ôm sát và phù hợp với bàn chân người Việt.</span></p></li></ul>', '2022-11-29 03:24:43', '2022-12-20 11:31:22', 0),
(62, 3, 'NIKE ZOOM MERCURIAL VAPOR 15 ACADEMY TF - DR5949-810 - WORLD CUP', 2150000, 18, 2150000, 'assets/img/NIKE ZOOM MERCURIAL VAPOR 15 ACADEMY TF - DR5949-810.PNG', '<p style=\"font-family: &quot;Roboto Condensed&quot;; color: rgb(0, 0, 0);\"><span style=\"font-size: 15px;\"><strong>NIKE MERCURIAL VAPOR 15&nbsp;ACADEMY TF - GIÀY ĐÁ BÓNG SÂN CỎ NHÂN TẠO</strong></span></p><p style=\"font-family: &quot;Roboto Condensed&quot;; color: rgb(0, 0, 0);\"><span style=\"font-size: 15px;\">Tháng 6/2022, Nike chính thức trình làng thế hệ tiếp theo của dòng giày Mercurial mang tên&nbsp;<strong>Air Zoom Mercurial</strong>. Cải tiến lớn nhất trên thế hệ này nằm ở bộ đệm Zoom Air được thiết kế độc quyền cho bóng đá. Bên cạnh đó, mọi chi tiết trên đôi giày lần này đều được thiết kế nhằm tối ưu hoá lối chơi tốc độ.&nbsp;</span></p><p style=\"font-family: &quot;Roboto Condensed&quot;; color: rgb(0, 0, 0);\"><span style=\"font-size: 15px;\">Khác với hai đối thủ ở phía bên kia đại dương, Nike đã chọn cho mình một lối đi riêng khi quyết định tung ra bộ sưu tập mới tại thời điểm World Cup đã cận kề. Nếu nói “Generation Pack” là bộ sưu tập bí ẩn nhất trước thềm World Cup thì cũng không hoàn toàn sai, vì chúng ta vẫn chưa được chứng kiến hình ảnh các cầu thủ mang trên chân pack giày mới nhất của nhà Swoosh.&nbsp;&nbsp;</span></p><p style=\"font-family: &quot;Roboto Condensed&quot;; color: rgb(0, 0, 0);\"><span style=\"font-size: 15px;\">“Generation Pack” là bộ sưu tập có gam màu chủ đạo là vàng đồng và nâu maroon, được lấy cảm hứng từ màu của chính chiếc cúp vàng World Cup và quốc kỳ của nước chủ nhà Qatar. Đáng chú ý, đây cũng sẽ là bộ sưu tập cuối cùng có sự xuất hiện của silo Phantom GT 2, trước khi chúng bị khai tử để nhường chỗ cho một thế hệ hoàn toàn mới vào đầu năm sau.</span></p>', '2022-12-23 15:11:34', '2022-12-23 15:11:34', 0);

-- --------------------------------------------------------

--
-- Cấu trúc bảng cho bảng `role`
--

DROP TABLE IF EXISTS `role`;
CREATE TABLE IF NOT EXISTS `role` (
  `id` int(11) NOT NULL AUTO_INCREMENT,
  `name` varchar(20) COLLATE utf8mb4_unicode_ci NOT NULL,
  PRIMARY KEY (`id`)
) ENGINE=InnoDB AUTO_INCREMENT=3 DEFAULT CHARSET=utf8mb4 COLLATE=utf8mb4_unicode_ci;

--
-- Đang đổ dữ liệu cho bảng `role`
--

INSERT INTO `role` (`id`, `name`) VALUES
(1, 'Admin'),
(2, 'User');

-- --------------------------------------------------------

--
-- Cấu trúc bảng cho bảng `tokens`
--

DROP TABLE IF EXISTS `tokens`;
CREATE TABLE IF NOT EXISTS `tokens` (
  `user_id` int(11) NOT NULL,
  `token` varchar(32) COLLATE utf8mb4_unicode_ci NOT NULL,
  `created_at` datetime DEFAULT NULL,
  PRIMARY KEY (`user_id`,`token`)
) ENGINE=InnoDB DEFAULT CHARSET=utf8mb4 COLLATE=utf8mb4_unicode_ci;

--
-- Đang đổ dữ liệu cho bảng `tokens`
--

INSERT INTO `tokens` (`user_id`, `token`, `created_at`) VALUES
(77, 'e4842fe6bf8717f7c336b66d1bf78145', '2022-12-22 13:42:18'),
(79, '56d065bc991b698f6727993395dfc714', '2022-12-23 12:56:44'),
(84, '01c46d210f493e423755246a76525394', '2022-12-23 11:30:12');

-- --------------------------------------------------------

--
-- Cấu trúc bảng cho bảng `user`
--

DROP TABLE IF EXISTS `user`;
CREATE TABLE IF NOT EXISTS `user` (
  `id` int(11) NOT NULL AUTO_INCREMENT,
  `fullname` varchar(50) COLLATE utf8mb4_unicode_ci DEFAULT NULL,
  `email` varchar(150) COLLATE utf8mb4_unicode_ci DEFAULT NULL,
  `phone_number` varchar(20) COLLATE utf8mb4_unicode_ci DEFAULT NULL,
  `address` varchar(200) COLLATE utf8mb4_unicode_ci DEFAULT NULL,
  `password` varchar(32) COLLATE utf8mb4_unicode_ci DEFAULT NULL,
  `role_id` int(11) DEFAULT NULL,
  `created_at` datetime DEFAULT NULL,
  `updated_at` datetime DEFAULT NULL,
  `deleted` int(11) DEFAULT NULL,
  PRIMARY KEY (`id`),
  UNIQUE KEY `email` (`email`),
  KEY `role_id` (`role_id`)
) ENGINE=InnoDB AUTO_INCREMENT=89 DEFAULT CHARSET=utf8mb4 COLLATE=utf8mb4_unicode_ci;

--
-- Đang đổ dữ liệu cho bảng `user`
--

INSERT INTO `user` (`id`, `fullname`, `email`, `phone_number`, `address`, `password`, `role_id`, `created_at`, `updated_at`, `deleted`) VALUES
(40, 'admin', 'admin@gmail.com', NULL, NULL, 'f4b40891dab8dd698a78c8a79013e569', 1, '2022-12-09 15:26:22', '2022-12-09 15:26:22', 0),
(88, 'Nguyễn Văn A', 'nguyenvana@gmail.com', NULL, NULL, 'f4b40891dab8dd698a78c8a79013e569', 2, '2022-12-23 18:52:57', '2022-12-23 18:52:57', 0);

--
-- Các ràng buộc cho các bảng đã đổ
--

--
-- Các ràng buộc cho bảng `banner`
--
ALTER TABLE `banner`
  ADD CONSTRAINT `banner_ibfk_1` FOREIGN KEY (`category_id`) REFERENCES `category` (`id`);

--
-- Các ràng buộc cho bảng `orders`
--
ALTER TABLE `orders`
  ADD CONSTRAINT `orders_ibfk_1` FOREIGN KEY (`user_id`) REFERENCES `user` (`id`);

--
-- Các ràng buộc cho bảng `orders_details`
--
ALTER TABLE `orders_details`
  ADD CONSTRAINT `orders_details_ibfk_1` FOREIGN KEY (`order_id`) REFERENCES `orders` (`id`) ON DELETE CASCADE ON UPDATE CASCADE;

--
-- Các ràng buộc cho bảng `product`
--
ALTER TABLE `product`
  ADD CONSTRAINT `product_ibfk_1` FOREIGN KEY (`category_id`) REFERENCES `category` (`id`);

--
-- Các ràng buộc cho bảng `user`
--
ALTER TABLE `user`
  ADD CONSTRAINT `user_ibfk_1` FOREIGN KEY (`role_id`) REFERENCES `role` (`id`);
COMMIT;

/*!40101 SET CHARACTER_SET_CLIENT=@OLD_CHARACTER_SET_CLIENT */;
/*!40101 SET CHARACTER_SET_RESULTS=@OLD_CHARACTER_SET_RESULTS */;
/*!40101 SET COLLATION_CONNECTION=@OLD_COLLATION_CONNECTION */;
